CREATE DATABASE  IF NOT EXISTS `portariabandeirante` /*!40100 DEFAULT CHARACTER SET latin1 */;
USE `portariabandeirante`;
-- MySQL dump 10.13  Distrib 5.7.17, for Win64 (x86_64)
--
-- Host: 127.0.0.1    Database: portariabandeirante
-- ------------------------------------------------------
-- Server version	5.5.5-10.1.37-MariaDB

/*!40101 SET @OLD_CHARACTER_SET_CLIENT=@@CHARACTER_SET_CLIENT */;
/*!40101 SET @OLD_CHARACTER_SET_RESULTS=@@CHARACTER_SET_RESULTS */;
/*!40101 SET @OLD_COLLATION_CONNECTION=@@COLLATION_CONNECTION */;
/*!40101 SET NAMES utf8 */;
/*!40103 SET @OLD_TIME_ZONE=@@TIME_ZONE */;
/*!40103 SET TIME_ZONE='+00:00' */;
/*!40014 SET @OLD_UNIQUE_CHECKS=@@UNIQUE_CHECKS, UNIQUE_CHECKS=0 */;
/*!40014 SET @OLD_FOREIGN_KEY_CHECKS=@@FOREIGN_KEY_CHECKS, FOREIGN_KEY_CHECKS=0 */;
/*!40101 SET @OLD_SQL_MODE=@@SQL_MODE, SQL_MODE='NO_AUTO_VALUE_ON_ZERO' */;
/*!40111 SET @OLD_SQL_NOTES=@@SQL_NOTES, SQL_NOTES=0 */;

--
-- Table structure for table `chaves`
--

DROP TABLE IF EXISTS `chaves`;
/*!40101 SET @saved_cs_client     = @@character_set_client */;
/*!40101 SET character_set_client = utf8 */;
CREATE TABLE `chaves` (
  `id` int(11) NOT NULL AUTO_INCREMENT,
  `cod` varchar(100) NOT NULL,
  `local` varchar(100) NOT NULL,
  `status` varchar(1) DEFAULT 'A',
  PRIMARY KEY (`id`)
) ENGINE=InnoDB AUTO_INCREMENT=31 DEFAULT CHARSET=utf8;
/*!40101 SET character_set_client = @saved_cs_client */;

--
-- Dumping data for table `chaves`
--

LOCK TABLES `chaves` WRITE;
/*!40000 ALTER TABLE `chaves` DISABLE KEYS */;
INSERT INTO `chaves` VALUES (1,'001','PORTA ADM ','A'),(2,'002','PORTA CPD','A'),(3,'003','PORTA LADO DA GUARITA','A'),(4,'004','PORTA PESAGEM DE PO','A'),(5,'005','PORTA SEGURANCA DO TRABALHO','A'),(6,'006','PORTA SAIDA EXTRUSAO','A'),(7,'007','PORTA SAIDA MISTURA','A'),(8,'008','PORTARIA','A'),(9,'009','PORTAO PRINCIPAL','A'),(10,'010','ARMARIOS ALMOXARIFADO 1 E 2','A'),(11,'011','PORTA ACESSO AO 2 ANDAR ','A'),(12,'012','CASA DE TINTAS','A'),(13,'013','PORTA CESTA BASICA','A'),(14,'014','PORTA RH','A'),(15,'015','CADEADO ACESSO A IND BANDEIRANTE','A'),(16,'016','LIMPEZA','A'),(17,'017','QUADRO PONTE ROLANTE 1 E 2','A'),(18,'018','PORTA VESTIARIO','A'),(19,'019','GERENCIA','A'),(20,'020','ARMARIO FATURAMENTO ','A'),(21,'021','PORTA EXPEDICAO','A'),(22,'022','PORTA ELETRICA','A'),(23,'023','PORTA RECEBIMENTO ','A'),(24,'024','PORTA TUBETE','A'),(25,'025','PORTA PCP','A'),(26,'026','CABINE PRIMARIA','A'),(27,'027','CABINE SECUNDARIA FUNDOS','A'),(28,'028','CABINE SECUNDARIA PRANDI','A'),(29,'029 ','ARMARIO LEITE','A'),(30,'030','PORTAO MECANICA','A');
/*!40000 ALTER TABLE `chaves` ENABLE KEYS */;
UNLOCK TABLES;

--
-- Table structure for table `groups`
--

DROP TABLE IF EXISTS `groups`;
/*!40101 SET @saved_cs_client     = @@character_set_client */;
/*!40101 SET character_set_client = utf8 */;
CREATE TABLE `groups` (
  `id` int(11) NOT NULL AUTO_INCREMENT,
  `name` varchar(100) DEFAULT NULL,
  `params` varchar(100) DEFAULT NULL,
  `menu_acesso` varchar(100) DEFAULT NULL,
  PRIMARY KEY (`id`)
) ENGINE=InnoDB AUTO_INCREMENT=7 DEFAULT CHARSET=utf8 COMMENT='Tabela de Groupos de Permissões';
/*!40101 SET character_set_client = @saved_cs_client */;

--
-- Dumping data for table `groups`
--

LOCK TABLES `groups` WRITE;
/*!40000 ALTER TABLE `groups` DISABLE KEYS */;
INSERT INTO `groups` VALUES (1,'DESENVOLVEDOR','1,2,3,4,5,6,8,9,10,11,12,13,14,15,16,17,18,19,20,21,22,23,24,25,26,27,28,29,30,31,32,33','1,2,3,4,5,6,7,8,9,10,11'),(2,'ADMINISTRADOR','1,3,4,5,6,8,9,10,11,12,13,14,15,16,17,18,19,20,21','1,2,3,4,5,7'),(3,'PORTARIA','5,6,8,13,14,16,17,18,19,20,21','1,4,5,7'),(4,'TESTE',NULL,NULL),(5,'COMPRAS','13,14,15,16,20',NULL),(6,'PRODUCAO','23,24,25,26,27,28,29,30,31,32','9,10,11');
/*!40000 ALTER TABLE `groups` ENABLE KEYS */;
UNLOCK TABLES;

--
-- Table structure for table `limpeza`
--

DROP TABLE IF EXISTS `limpeza`;
/*!40101 SET @saved_cs_client     = @@character_set_client */;
/*!40101 SET character_set_client = utf8 */;
CREATE TABLE `limpeza` (
  `id` int(11) NOT NULL AUTO_INCREMENT,
  `data_limp` date DEFAULT NULL,
  `hrlimp` char(6) DEFAULT NULL,
  `extrusora` char(2) DEFAULT NULL,
  `operador_fk` int(11) DEFAULT NULL,
  `estrutura` char(1) DEFAULT NULL,
  `protecao` char(1) DEFAULT NULL,
  `painel` char(1) DEFAULT NULL,
  `chao` char(1) DEFAULT NULL,
  `obs` varchar(200) DEFAULT NULL,
  `valid` char(1) DEFAULT NULL,
  PRIMARY KEY (`id`),
  KEY `limpeza_op_fk` (`operador_fk`),
  CONSTRAINT `limpeza_op_fk` FOREIGN KEY (`operador_fk`) REFERENCES `operador` (`id`)
) ENGINE=InnoDB AUTO_INCREMENT=7 DEFAULT CHARSET=latin1;
/*!40101 SET character_set_client = @saved_cs_client */;

--
-- Dumping data for table `limpeza`
--

LOCK TABLES `limpeza` WRITE;
/*!40000 ALTER TABLE `limpeza` DISABLE KEYS */;
INSERT INTO `limpeza` VALUES (1,'2019-12-13','11:00','01',1,'1','1','1','1','','1'),(3,'2019-12-19','08:30','05',1,'1','1','1','1','REPROVADO DEVIDO AO PAINEL NAO ESTAR TOTALMENTE LIMPO. CONFORME FOI DOCUMENTADO.','2'),(4,'2019-11-01','22:00','04',2,'1','1','1','1',NULL,NULL),(5,'2019-12-23','09:00','05',1,'1','1','1','1','','1'),(6,'2019-12-26','09:00','03',1,'1','1','1','1','','1');
/*!40000 ALTER TABLE `limpeza` ENABLE KEYS */;
UNLOCK TABLES;

--
-- Table structure for table `menu`
--

DROP TABLE IF EXISTS `menu`;
/*!40101 SET @saved_cs_client     = @@character_set_client */;
/*!40101 SET character_set_client = utf8 */;
CREATE TABLE `menu` (
  `id` int(11) NOT NULL AUTO_INCREMENT,
  `className` varchar(50) NOT NULL,
  `caminho` varchar(100) NOT NULL,
  `descricao` varchar(100) NOT NULL,
  PRIMARY KEY (`id`)
) ENGINE=InnoDB AUTO_INCREMENT=12 DEFAULT CHARSET=latin1;
/*!40101 SET character_set_client = @saved_cs_client */;

--
-- Dumping data for table `menu`
--

LOCK TABLES `menu` WRITE;
/*!40000 ALTER TABLE `menu` DISABLE KEYS */;
INSERT INTO `menu` VALUES (1,'menuHome','','Home'),(2,'menuPermission','/permissions','Permissoes'),(3,'menuUsers','/users','Usuarios'),(4,'menuRecords','/records','Registros'),(5,'menuVeiculos','/veiculos','Veiculos'),(6,'menuChaves','/chaves','Chaves'),(7,'menuReports','/reports','Relatorios'),(8,'menuPainel','/painel','Painel Menu'),(9,'menuProducao','/producao','Produção'),(10,'menuLimp','/limpeza','Limpeza de Maquina'),(11,'menuOp','/operador','Operador');
/*!40000 ALTER TABLE `menu` ENABLE KEYS */;
UNLOCK TABLES;

--
-- Table structure for table `operador`
--

DROP TABLE IF EXISTS `operador`;
/*!40101 SET @saved_cs_client     = @@character_set_client */;
/*!40101 SET character_set_client = utf8 */;
CREATE TABLE `operador` (
  `id` int(11) NOT NULL AUTO_INCREMENT,
  `operador` varchar(100) NOT NULL,
  PRIMARY KEY (`id`)
) ENGINE=InnoDB AUTO_INCREMENT=3 DEFAULT CHARSET=latin1;
/*!40101 SET character_set_client = @saved_cs_client */;

--
-- Dumping data for table `operador`
--

LOCK TABLES `operador` WRITE;
/*!40000 ALTER TABLE `operador` DISABLE KEYS */;
INSERT INTO `operador` VALUES (1,'MARCOS TESTE'),(2,'CICLANO');
/*!40000 ALTER TABLE `operador` ENABLE KEYS */;
UNLOCK TABLES;

--
-- Table structure for table `perda`
--

DROP TABLE IF EXISTS `perda`;
/*!40101 SET @saved_cs_client     = @@character_set_client */;
/*!40101 SET character_set_client = utf8 */;
CREATE TABLE `perda` (
  `id` int(11) NOT NULL AUTO_INCREMENT,
  `data_perd` date NOT NULL,
  `turno` char(5) NOT NULL,
  `apara` double(10,3) DEFAULT '0.000',
  `refile` double(10,3) DEFAULT '0.000',
  `borra` double(10,3) DEFAULT '0.000',
  `acabamento` double(10,3) DEFAULT '0.000',
  `TIMESTAMP` datetime DEFAULT NULL,
  PRIMARY KEY (`id`)
) ENGINE=InnoDB AUTO_INCREMENT=2 DEFAULT CHARSET=latin1;
/*!40101 SET character_set_client = @saved_cs_client */;

--
-- Dumping data for table `perda`
--

LOCK TABLES `perda` WRITE;
/*!40000 ALTER TABLE `perda` DISABLE KEYS */;
INSERT INTO `perda` VALUES (1,'2019-12-27','001',35.000,11.000,1.000,115.000,'2019-12-27 13:58:16');
/*!40000 ALTER TABLE `perda` ENABLE KEYS */;
UNLOCK TABLES;

--
-- Table structure for table `permissions`
--

DROP TABLE IF EXISTS `permissions`;
/*!40101 SET @saved_cs_client     = @@character_set_client */;
/*!40101 SET character_set_client = utf8 */;
CREATE TABLE `permissions` (
  `id` int(11) NOT NULL AUTO_INCREMENT,
  `name` varchar(100) NOT NULL,
  `descricao` varchar(100) DEFAULT NULL,
  PRIMARY KEY (`id`)
) ENGINE=InnoDB AUTO_INCREMENT=34 DEFAULT CHARSET=utf8 COMMENT='Tabela de Permissões';
/*!40101 SET character_set_client = @saved_cs_client */;

--
-- Dumping data for table `permissions`
--

LOCK TABLES `permissions` WRITE;
/*!40000 ALTER TABLE `permissions` DISABLE KEYS */;
INSERT INTO `permissions` VALUES (1,'permissao_view','VISUALIZAR PERMISSAO DE ACESSO'),(2,'permissao_add','ADICIONAR PERMISSAO DE ACESSO'),(3,'permissao_addgroup','ADICIONAR GRUPO DE ACESSO'),(4,'usuario_view','VISUALIZAR USUARIOS'),(5,'veiculos_view','VISUALIZAR VEICULOS'),(6,'veiculos_add','ADICIONAR VEICULOS'),(8,'veiculos_edit','EDITAR VEICULOS'),(9,'veiculos_del','DELETAR VEICULOS'),(10,'chaves_view','VISUALIZAR CHAVES'),(11,'chaves_add','ADICIONAR CHAVES'),(12,'chaves_edit','EDITAR CHAVES'),(13,'records_view','VISUALIZAR REGISTROS'),(14,'records_add','ADICIONAR REGISTROS'),(15,'records_edit','EDITAR REGISTROS'),(16,'report_view','VISUALIZAR RELATORIOS'),(17,'report_chaves','RELATORIO DE CHAVES'),(18,'report_veiculos','RELATORIO DE VEICULOS'),(19,'report_entsaiveiculos','RELATORIO ENTRADA E SAÍDA DE VEICULOS'),(20,'report_recebcoleta','RELATORIO RETIRA E RECEBIMENTO'),(21,'report_controlechaves','RELATORIO CONTROLE DE CHAVES'),(22,'painel_view','VISUALIZAR PAINEL DO MENU'),(23,'producao_view','VISUALIZAR PRODUÇÃO'),(24,'producao_edit','EDITAR PRODUÇÃO'),(25,'limpeza_view','VISUALIZAR LIMPEZA MAQUINA'),(26,'limpeza_edit','EDITAR LIMPEZA MAQUINA'),(27,'operador_view','VISUALIZAR OPERADOR'),(28,'operador_edit','EDITAR OPERADOR'),(29,'operador_del','DELETAR OPERADOR'),(30,'operador_add','ADICIONAR OPERADOR'),(31,'limpeza_add','ADICIONAR LIMPEZA MAQUINA'),(32,'producao_add','ADICIONAR DADOS PRODUÇÃO'),(33,'producao_addacab','ADICIONAR DADOS ACABAMENTO');
/*!40000 ALTER TABLE `permissions` ENABLE KEYS */;
UNLOCK TABLES;

--
-- Table structure for table `producao`
--

DROP TABLE IF EXISTS `producao`;
/*!40101 SET @saved_cs_client     = @@character_set_client */;
/*!40101 SET character_set_client = utf8 */;
CREATE TABLE `producao` (
  `id` int(11) NOT NULL AUTO_INCREMENT,
  `data_prod` date NOT NULL,
  `extrusora` char(2) NOT NULL,
  `turno` char(5) NOT NULL,
  `operador_fk` int(11) NOT NULL,
  `hri` char(6) DEFAULT NULL,
  `situini` char(1) DEFAULT NULL,
  `pedido` char(6) DEFAULT NULL,
  `ordem` char(5) DEFAULT NULL,
  `lote` char(10) DEFAULT NULL,
  `rpm` char(5) DEFAULT NULL,
  `pesobob` double(10,3) DEFAULT NULL,
  `qtdbob` int(11) DEFAULT NULL,
  `totalbob` double(10,3) DEFAULT NULL,
  `larg` double(10,3) DEFAULT NULL,
  `esp` double(10,3) DEFAULT NULL,
  `metrag` double(10,3) DEFAULT NULL,
  `perdabob` int(11) DEFAULT NULL,
  `perdakg` double(10,3) DEFAULT NULL,
  `qtdparada` int(11) DEFAULT NULL,
  `tempoparada` varchar(6) DEFAULT NULL,
  `oc` varchar(100) DEFAULT NULL,
  `hrf` char(6) DEFAULT NULL,
  `situfim` char(1) DEFAULT NULL,
  `TIMESTAMP` datetime DEFAULT NULL,
  PRIMARY KEY (`id`),
  KEY `producao_op_fk` (`operador_fk`),
  CONSTRAINT `producao_op_fk` FOREIGN KEY (`operador_fk`) REFERENCES `operador` (`id`)
) ENGINE=InnoDB AUTO_INCREMENT=9 DEFAULT CHARSET=latin1;
/*!40101 SET character_set_client = @saved_cs_client */;

--
-- Dumping data for table `producao`
--

LOCK TABLES `producao` WRITE;
/*!40000 ALTER TABLE `producao` DISABLE KEYS */;
INSERT INTO `producao` VALUES (1,'2019-12-26','03','002',2,'11:00','1','101010','00010','1111','55.00',7.850,150,1177.500,100.000,20.000,0.000,NULL,NULL,NULL,NULL,NULL,'14:00','1','2019-12-26 14:33:55'),(2,'2019-12-26','04','003',1,'08:00','1','123456','00005','1141','57.40',15.500,50,775.000,100.000,20.000,1000.000,NULL,NULL,NULL,NULL,NULL,'14:40','1','2019-12-26 14:35:01'),(3,'2019-12-26','04','001',1,'07:00','1','456789','00015','1000','55.00',27.430,350,9600.500,0.000,0.000,0.000,NULL,NULL,NULL,NULL,NULL,'20:00','1','2019-12-26 14:52:54'),(4,'2019-12-27','01','001',1,'11:00','1','123456','00005','1141','55.00',2.500,100,250.000,100.000,10.000,0.000,1,2.000,1,'01:00','LB,BFG','14:00','1','2019-12-27 09:01:39'),(5,'2019-12-27','01','001',1,'06:20','1','101010','00010','1000','41.52',6.500,750,4875.000,480.000,10.000,1000.000,NULL,NULL,NULL,NULL,NULL,'09:50','1','2019-12-27 10:59:51'),(6,'2019-12-27','02','002',2,'06:20','1','123456','00010','1101','45.00',8.100,100,810.000,480.000,10.000,1000.000,NULL,NULL,NULL,NULL,NULL,'08:50','1','2019-12-27 11:00:30'),(7,'2019-12-25','03','003',1,'22:50','1','147550','00015','1099','50.00',7.500,45,337.500,0.000,0.000,0.000,NULL,NULL,NULL,NULL,NULL,'23:50','1','2019-12-27 11:02:02'),(8,'2019-12-27','05','002',2,'15:00','1','122333','00005','1500','55.00',8.650,1500,12975.000,650.000,10.000,1000.000,NULL,NULL,NULL,NULL,NULL,'19:20','1','2019-12-27 12:03:31');
/*!40000 ALTER TABLE `producao` ENABLE KEYS */;
UNLOCK TABLES;

--
-- Table structure for table `registros`
--

DROP TABLE IF EXISTS `registros`;
/*!40101 SET @saved_cs_client     = @@character_set_client */;
/*!40101 SET character_set_client = utf8 */;
CREATE TABLE `registros` (
  `id` int(11) NOT NULL AUTO_INCREMENT,
  `tipo` char(1) NOT NULL,
  `visitante` char(1) DEFAULT NULL,
  `data_er` date DEFAULT NULL,
  `hora_er` time DEFAULT NULL,
  `colab_ret` varchar(100) DEFAULT NULL,
  `tipo_v` varchar(100) DEFAULT NULL,
  `placa_v` varchar(10) DEFAULT NULL,
  `motorista_v` varchar(100) DEFAULT NULL,
  `rg` varchar(11) DEFAULT NULL,
  `empresa_v` varchar(100) DEFAULT NULL,
  `data_sr` date DEFAULT NULL,
  `hora_sr` time DEFAULT NULL,
  `colab_dev` varchar(100) DEFAULT NULL,
  `hr_int_sai` varchar(5) DEFAULT NULL,
  `hr_int_en` varchar(5) DEFAULT NULL,
  `veiculos_id` int(11) DEFAULT NULL,
  `chaves_id` int(11) DEFAULT NULL,
  `flag` char(1) DEFAULT '1' COMMENT '1 - ABERTO / 2 - FECHADO',
  `obs` varchar(255) DEFAULT NULL,
  PRIMARY KEY (`id`),
  KEY `registros_ibfk_1` (`veiculos_id`),
  KEY `registros_ibfk_2` (`chaves_id`),
  CONSTRAINT `registros_ibfk_1` FOREIGN KEY (`veiculos_id`) REFERENCES `veiculos` (`id`),
  CONSTRAINT `registros_ibfk_2` FOREIGN KEY (`chaves_id`) REFERENCES `chaves` (`id`)
) ENGINE=InnoDB AUTO_INCREMENT=1368 DEFAULT CHARSET=utf8;
/*!40101 SET character_set_client = @saved_cs_client */;

--
-- Dumping data for table `registros`
--

LOCK TABLES `registros` WRITE;
/*!40000 ALTER TABLE `registros` DISABLE KEYS */;
INSERT INTO `registros` VALUES (3,'0',NULL,'2019-05-08','07:42:05','MARCOS',NULL,NULL,NULL,NULL,NULL,'2019-08-20','14:01:00',NULL,NULL,NULL,NULL,1,'2',NULL),(4,'0',NULL,'2019-05-08','07:42:05','FULANO',NULL,NULL,NULL,NULL,NULL,'2019-08-20','14:04:00',NULL,NULL,NULL,NULL,2,'2',NULL),(5,'1',NULL,'2019-05-08','07:44:46',NULL,'CARRO','HJN-4686','BELTRANO',NULL,'SAAE',NULL,NULL,NULL,NULL,NULL,NULL,NULL,'1',NULL),(6,'1',NULL,'2019-05-08','07:44:46',NULL,'CAMINHAO','HTN-4654','TESTE',NULL,'BRASKEM',NULL,NULL,NULL,NULL,NULL,NULL,NULL,'1',NULL),(7,'0',NULL,'2019-05-08','09:56:45','MARCOS',NULL,NULL,NULL,NULL,NULL,'2019-08-20','14:05:00','BELTRANO',NULL,NULL,NULL,1,'2',NULL),(8,'0',NULL,'2019-05-08','09:56:45','FULANO',NULL,NULL,NULL,NULL,NULL,'2019-08-21','08:53:00','BELTRANO',NULL,NULL,NULL,2,'2',NULL),(11,'0',NULL,'2019-05-27','11:06:54','MARCOS',NULL,NULL,NULL,NULL,NULL,NULL,NULL,NULL,NULL,NULL,NULL,1,'1',NULL),(12,'0',NULL,'2019-05-27','11:06:54','FULANO',NULL,NULL,NULL,NULL,NULL,NULL,NULL,NULL,NULL,NULL,NULL,2,'1',NULL),(13,'1',NULL,'2019-05-27','11:06:54',NULL,'CARRO','HJN-4686','BELTRANO',NULL,'SAAE',NULL,NULL,NULL,NULL,NULL,NULL,NULL,'1',NULL),(14,'1',NULL,'2019-05-27','11:06:54',NULL,'CAMINHAO','HTN-4654','TESTE',NULL,'BRASKEM',NULL,NULL,NULL,NULL,NULL,NULL,NULL,'1',NULL),(17,'0',NULL,'2019-05-27','11:29:13','MARCOS',NULL,NULL,NULL,NULL,NULL,NULL,NULL,NULL,NULL,NULL,NULL,1,'1',NULL),(18,'0',NULL,'2019-05-27','11:29:13','FULANO',NULL,NULL,NULL,NULL,NULL,NULL,NULL,NULL,NULL,NULL,NULL,2,'1',NULL),(19,'1',NULL,'2019-05-27','11:29:13',NULL,'CARRO','HJN-4686','BELTRANO',NULL,'SAAE',NULL,NULL,NULL,NULL,NULL,NULL,NULL,'1',NULL),(20,'1',NULL,'2019-05-27','11:29:14',NULL,'CAMINHAO','HTN-4654','TESTE',NULL,'BRASKEM',NULL,NULL,NULL,NULL,NULL,NULL,NULL,'1',NULL),(23,'0',NULL,'2019-05-28','07:36:23','MARCOS',NULL,NULL,NULL,NULL,NULL,NULL,NULL,NULL,NULL,NULL,NULL,1,'1',NULL),(24,'0',NULL,'2019-05-28','07:36:23','FULANO',NULL,NULL,NULL,NULL,NULL,NULL,NULL,NULL,NULL,NULL,NULL,2,'1',NULL),(25,'1',NULL,'2019-05-28','07:36:23',NULL,'CARRO','HJN-4686','BELTRANO',NULL,'SAAE',NULL,NULL,NULL,NULL,NULL,NULL,NULL,'1',NULL),(26,'1',NULL,'2019-05-28','07:36:23',NULL,'CAMINHAO','HTN-4654','TESTE',NULL,'BRASKEM',NULL,NULL,NULL,NULL,NULL,NULL,NULL,'1',NULL),(29,'0',NULL,'2019-05-28','07:36:23','MARCOS',NULL,NULL,NULL,NULL,NULL,NULL,NULL,NULL,NULL,NULL,NULL,1,'1',NULL),(30,'0',NULL,'2019-05-28','07:36:23','FULANO',NULL,NULL,NULL,NULL,NULL,NULL,NULL,NULL,NULL,NULL,NULL,2,'1',NULL),(31,'1',NULL,'2019-05-28','07:36:23',NULL,'CARRO','HJN-4686','BELTRANO',NULL,'SAAE',NULL,NULL,NULL,NULL,NULL,NULL,NULL,'1',NULL),(32,'1',NULL,'2019-05-28','07:36:23',NULL,'CAMINHAO','HTN-4654','TESTE',NULL,'BRASKEM',NULL,NULL,NULL,NULL,NULL,NULL,NULL,'1',NULL),(35,'0',NULL,'2019-05-28','07:39:02','MARCOS',NULL,NULL,NULL,NULL,NULL,NULL,NULL,NULL,NULL,NULL,NULL,1,'1',NULL),(36,'0',NULL,'2019-05-28','07:39:03','FULANO',NULL,NULL,NULL,NULL,NULL,NULL,NULL,NULL,NULL,NULL,NULL,2,'1',NULL),(37,'1',NULL,'2019-05-28','07:39:03',NULL,'CARRO','HJN-4686','BELTRANO',NULL,'SAAE',NULL,NULL,NULL,NULL,NULL,NULL,NULL,'1',NULL),(38,'1',NULL,'2019-05-28','07:39:03',NULL,'CAMINHAO','HTN-4654','TESTE',NULL,'BRASKEM',NULL,NULL,NULL,NULL,NULL,NULL,NULL,'1',NULL),(41,'0',NULL,'2019-05-28','07:39:03','MARCOS',NULL,NULL,NULL,NULL,NULL,NULL,NULL,NULL,NULL,NULL,NULL,1,'1',NULL),(42,'0',NULL,'2019-05-28','07:39:03','FULANO',NULL,NULL,NULL,NULL,NULL,NULL,NULL,NULL,NULL,NULL,NULL,2,'1',NULL),(43,'1',NULL,'2019-05-28','07:39:03',NULL,'CARRO','HJN-4686','BELTRANO',NULL,'SAAE',NULL,NULL,NULL,NULL,NULL,NULL,NULL,'1',NULL),(44,'1',NULL,'2019-05-28','07:39:03',NULL,'CAMINHAO','HTN-4654','TESTE',NULL,'BRASKEM',NULL,NULL,NULL,NULL,NULL,NULL,NULL,'1',NULL),(47,'0',NULL,'2019-05-28','07:40:16','MARCOS',NULL,NULL,NULL,NULL,NULL,NULL,NULL,NULL,NULL,NULL,NULL,1,'1',NULL),(48,'0',NULL,'2019-05-28','07:40:16','FULANO',NULL,NULL,NULL,NULL,NULL,NULL,NULL,NULL,NULL,NULL,NULL,2,'1',NULL),(49,'1',NULL,'2019-05-28','07:40:16',NULL,'CARRO','HJN-4686','BELTRANO',NULL,'SAAE',NULL,NULL,NULL,NULL,NULL,NULL,NULL,'1',NULL),(50,'1',NULL,'2019-05-28','07:40:16',NULL,'CAMINHAO','HTN-4654','TESTE',NULL,'BRASKEM',NULL,NULL,NULL,NULL,NULL,NULL,NULL,'1',NULL),(53,'0',NULL,'2019-05-28','07:40:16','MARCOS',NULL,NULL,NULL,NULL,NULL,NULL,NULL,NULL,NULL,NULL,NULL,1,'1',NULL),(54,'0',NULL,'2019-05-28','07:40:16','FULANO',NULL,NULL,NULL,NULL,NULL,NULL,NULL,NULL,NULL,NULL,NULL,2,'1',NULL),(55,'1',NULL,'2019-05-28','07:40:16',NULL,'CARRO','HJN-4686','BELTRANO',NULL,'SAAE',NULL,NULL,NULL,NULL,NULL,NULL,NULL,'1',NULL),(56,'1',NULL,'2019-05-28','07:40:16',NULL,'CAMINHAO','HTN-4654','TESTE',NULL,'BRASKEM',NULL,NULL,NULL,NULL,NULL,NULL,NULL,'1',NULL),(59,'0',NULL,'2019-05-28','07:44:21','MARCOS',NULL,NULL,NULL,NULL,NULL,NULL,NULL,NULL,NULL,NULL,NULL,1,'1',NULL),(60,'0',NULL,'2019-05-28','07:44:21','FULANO',NULL,NULL,NULL,NULL,NULL,NULL,NULL,NULL,NULL,NULL,NULL,2,'1',NULL),(61,'1',NULL,'2019-05-28','07:44:22',NULL,'CARRO','HJN-4686','BELTRANO',NULL,'SAAE',NULL,NULL,NULL,NULL,NULL,NULL,NULL,'1',NULL),(62,'1',NULL,'2019-05-28','07:44:22',NULL,'CAMINHAO','HTN-4654','TESTE',NULL,'BRASKEM',NULL,NULL,NULL,NULL,NULL,NULL,NULL,'1',NULL),(65,'0',NULL,'2019-05-28','07:44:22','MARCOS',NULL,NULL,NULL,NULL,NULL,NULL,NULL,NULL,NULL,NULL,NULL,1,'1',NULL),(66,'0',NULL,'2019-05-28','07:44:22','FULANO',NULL,NULL,NULL,NULL,NULL,NULL,NULL,NULL,NULL,NULL,NULL,2,'1',NULL),(67,'1',NULL,'2019-05-28','07:44:22',NULL,'CARRO','HJN-4686','BELTRANO',NULL,'SAAE',NULL,NULL,NULL,NULL,NULL,NULL,NULL,'1',NULL),(68,'1',NULL,'2019-05-28','07:44:22',NULL,'CAMINHAO','HTN-4654','TESTE',NULL,'BRASKEM',NULL,NULL,NULL,NULL,NULL,NULL,NULL,'1',NULL),(69,'0',NULL,'0000-00-00','09:08:00','MARCOS TESTE',NULL,NULL,NULL,NULL,NULL,NULL,NULL,NULL,NULL,NULL,NULL,1,'1',NULL),(70,'0',NULL,'0000-00-00','09:18:00','MARCOS TESTE',NULL,NULL,NULL,NULL,NULL,NULL,NULL,NULL,NULL,NULL,NULL,1,'1',NULL),(72,'0',NULL,'2019-06-18','09:27:34','TESTE MYSQL',NULL,NULL,NULL,NULL,NULL,'2019-06-18','10:55:00',NULL,NULL,NULL,NULL,1,'2',NULL),(74,'0',NULL,'2019-06-18','09:37:00','MARCOS TESTE',NULL,NULL,NULL,NULL,NULL,'2019-06-18','10:59:00',NULL,NULL,NULL,NULL,2,'2',NULL),(76,'1',NULL,'2019-06-18','09:41:00',NULL,'CAMINHAO','FAD7715','FULANO',NULL,'CIA INC','2019-06-18','10:59:00',NULL,NULL,NULL,NULL,NULL,'2',NULL),(77,'0',NULL,'2019-07-12','11:21:00','MARCOS TESTE',NULL,NULL,NULL,NULL,NULL,'2019-08-20','13:55:00',NULL,NULL,NULL,NULL,1,'2',NULL),(79,'1',NULL,'2019-07-12','11:22:00',NULL,'CARRO','FAD7715','FULANO',NULL,'CIA INC','2019-07-12','11:22:00',NULL,NULL,NULL,NULL,NULL,'2',NULL),(81,'1',NULL,'2019-07-19','07:58:00',NULL,'CAMINHAO','FAD7715','FULANO',NULL,'CIA INC','2019-08-20','14:00:00',NULL,NULL,NULL,NULL,NULL,'2',NULL),(84,'1',NULL,'2019-07-26','09:09:00',NULL,'CAMINHAO','1111JJJ','TESTE',NULL,'TESTE','2019-07-26','09:19:00',NULL,NULL,NULL,NULL,NULL,'2',NULL),(85,'0',NULL,'2019-07-26','15:30:00','MARCOS TESTE',NULL,NULL,NULL,NULL,NULL,'2019-08-20','13:59:00',NULL,NULL,NULL,NULL,1,'2',NULL),(87,'0',NULL,'2019-08-21','09:45:00','MARCOS',NULL,NULL,NULL,NULL,NULL,'2019-08-21','12:06:00','MARCOS',NULL,NULL,NULL,1,'2',NULL),(90,'0',NULL,'2019-08-23','09:20:00','MARCOS',NULL,NULL,NULL,NULL,NULL,'2019-08-23','10:39:00','MARCOS',NULL,NULL,NULL,3,'2',NULL),(91,'1',NULL,'2019-08-23','09:43:00',NULL,'CAMINHAO','AVC6655','CICLANO',NULL,'TESTE','2019-08-23','09:44:00',NULL,NULL,NULL,NULL,NULL,'2',NULL),(93,'0',NULL,'2019-08-23','11:44:00','MARCOS',NULL,NULL,NULL,NULL,NULL,'2019-08-24','11:00:00',NULL,NULL,NULL,NULL,2,'2',NULL),(94,'0',NULL,'2019-08-23','13:55:00','MARCOS',NULL,NULL,NULL,NULL,NULL,NULL,NULL,NULL,NULL,NULL,NULL,1,'1',NULL),(95,'0',NULL,'2019-08-26','09:46:00','Fernando ',NULL,NULL,NULL,NULL,NULL,'2019-08-26','09:47:00','Fernando',NULL,NULL,NULL,2,'2',NULL),(96,'2',NULL,'2019-08-26','09:48:00',NULL,NULL,NULL,NULL,NULL,NULL,NULL,NULL,NULL,NULL,NULL,39,NULL,'1','                    \r\n                '),(97,'2',NULL,'2019-08-26','09:49:00',NULL,NULL,NULL,NULL,NULL,NULL,NULL,NULL,NULL,NULL,NULL,39,NULL,'1','aaaa                    \r\n                '),(102,'0',NULL,'2019-08-27','13:20:00','MARCOS',NULL,NULL,NULL,NULL,NULL,NULL,NULL,NULL,NULL,NULL,NULL,1,'1',NULL),(103,'1',NULL,'2019-08-27','13:20:00',NULL,'CAMINHAO','AVC6655','CICLANO',NULL,'BANDEIRANTE ARTEFATOS',NULL,NULL,NULL,NULL,NULL,NULL,NULL,'1','FALAR COM ALEMAO                    \r\n                '),(104,'1',NULL,'2019-08-28','10:15:00',NULL,'CAMINHAO','AVC4444','BELTRANO',NULL,'TESTE','2019-08-28',NULL,NULL,'','',NULL,NULL,'1','                 NF 1123452                    \r\n                                        '),(105,'0',NULL,'2019-08-28','10:57:00','MARCOS',NULL,NULL,NULL,NULL,NULL,'2019-08-28','14:00:00','MARCOS',NULL,NULL,NULL,1,'2',NULL),(106,'1',NULL,'2019-08-28','11:28:00',NULL,'CAMINHAO','AVC4444','TESTE 01',NULL,'EMPRESA TESTE',NULL,NULL,NULL,NULL,NULL,NULL,NULL,'1','                    \r\n                '),(107,'2',NULL,'2019-08-28','11:47:00',NULL,NULL,NULL,NULL,NULL,NULL,NULL,NULL,NULL,NULL,NULL,42,NULL,'1','4444'),(109,'2','1','2019-09-05','07:28:00',NULL,NULL,'HJN4686','MARCOS SOUSA',NULL,'BANFILME','2019-09-05',NULL,NULL,'10:00','13:00',NULL,NULL,'1','                                                TESTE MARCOS COMO VISITANTE                    \r\n                                                    '),(110,'2','1','2019-09-05','08:49:00',NULL,NULL,'FAD7715','MARCOS A',NULL,'BANFILME 2',NULL,NULL,NULL,NULL,NULL,NULL,NULL,'1','TESTE CMO VISITANTE 2                    \r\n                '),(112,'1',NULL,'2019-09-05','13:56:00',NULL,'CAMINHAO','HJN4686','CICLANO',NULL,'BANFILME',NULL,NULL,NULL,NULL,NULL,NULL,NULL,'1','TESTE        '),(113,'2','0','2019-09-06','15:25:00',NULL,NULL,NULL,NULL,NULL,NULL,NULL,NULL,NULL,NULL,NULL,43,NULL,'1','                    \r\n                '),(114,'1',NULL,'2019-09-06','15:30:00',NULL,'CAMINHAO','BWI6936','LUIS CARLOS',NULL,'TUBOKRAFT','2019-09-06','15:43:00',NULL,'','',NULL,NULL,'2','                NF:060524   FALAR C/ ADILSON            '),(118,'1',NULL,'2019-09-09','10:33:00',NULL,'CAMINHAO','0040','MATHEUS','11100000','VIP',NULL,NULL,NULL,NULL,NULL,NULL,NULL,'1','                    \r\n        4020        '),(119,'0',NULL,'2019-09-09','13:25:00','FULANO',NULL,NULL,NULL,NULL,NULL,'2019-09-09','14:00:00','BELTRANO',NULL,NULL,NULL,3,'2',NULL),(121,'1',NULL,'2019-09-09','13:28:00',NULL,'MOTO','HJN4686','CICLANO','','',NULL,NULL,NULL,NULL,NULL,NULL,NULL,'1','                    \r\n                '),(124,'0',NULL,'2019-09-09','15:19:00','',NULL,NULL,NULL,NULL,NULL,NULL,NULL,NULL,NULL,NULL,NULL,3,'1',NULL),(125,'0',NULL,'2019-09-09','15:20:00','',NULL,NULL,NULL,NULL,NULL,NULL,NULL,NULL,NULL,NULL,NULL,3,'1',NULL),(126,'0',NULL,'2019-09-09','15:25:00','',NULL,NULL,NULL,NULL,NULL,NULL,NULL,NULL,NULL,NULL,NULL,1,'1',NULL),(127,'0',NULL,'2019-09-09','15:25:00','',NULL,NULL,NULL,NULL,NULL,NULL,NULL,NULL,NULL,NULL,NULL,3,'1',NULL),(128,'0',NULL,'2019-09-09','15:39:00','MARCOS',NULL,NULL,NULL,NULL,NULL,NULL,NULL,NULL,NULL,NULL,NULL,3,'1',NULL),(129,'1',NULL,'2019-09-09','15:43:00',NULL,'CAMINHAO','AVC6655','FULANO','123456789','BELTRANO',NULL,NULL,NULL,NULL,NULL,NULL,NULL,'1','ASDASD                    \r\n                '),(130,'0',NULL,'2019-09-11','14:07:00','',NULL,NULL,NULL,NULL,NULL,NULL,NULL,NULL,NULL,NULL,NULL,1,'1',NULL),(131,'0',NULL,'2019-09-11','14:42:00','',NULL,NULL,NULL,NULL,NULL,NULL,NULL,NULL,NULL,NULL,NULL,2,'1',NULL),(132,'0',NULL,'2019-09-11','14:47:00','TESTE',NULL,NULL,NULL,NULL,NULL,NULL,NULL,NULL,NULL,NULL,NULL,1,'1',NULL),(133,'0',NULL,'2019-09-11','14:47:00','',NULL,NULL,NULL,NULL,NULL,NULL,NULL,NULL,NULL,NULL,NULL,2,'1',NULL),(134,'0',NULL,'2019-09-11','14:48:00','TESTE 2',NULL,NULL,NULL,NULL,NULL,NULL,NULL,NULL,NULL,NULL,NULL,1,'1',NULL),(135,'2','1','2019-09-11','15:24:00',NULL,NULL,NULL,NULL,NULL,NULL,NULL,NULL,NULL,NULL,NULL,NULL,NULL,'1',''),(136,'2','1','2019-09-11','15:37:00',NULL,NULL,NULL,NULL,NULL,NULL,NULL,NULL,NULL,NULL,NULL,NULL,NULL,'1',''),(137,'2','1','2019-09-11','15:39:00',NULL,NULL,NULL,NULL,NULL,NULL,NULL,NULL,NULL,NULL,NULL,NULL,NULL,'1','asd'),(138,'2','1','2019-09-11','15:41:00',NULL,NULL,NULL,NULL,NULL,NULL,NULL,NULL,NULL,NULL,NULL,NULL,NULL,'1','FALAR C/ FULANO'),(139,'2','1','2019-09-11','15:43:00',NULL,NULL,NULL,NULL,NULL,NULL,NULL,NULL,NULL,NULL,NULL,NULL,NULL,'1','TESTE'),(141,'2','1','2019-09-13','14:34:00',NULL,NULL,NULL,NULL,NULL,NULL,NULL,NULL,NULL,NULL,NULL,NULL,NULL,'1','TESTE'),(142,'2','1','2019-09-16','08:47:00',NULL,NULL,'HJN4686','MARCOS','442821858','TESTE INC',NULL,NULL,NULL,NULL,NULL,NULL,NULL,'1','TESTE NF'),(145,'2','1','2019-09-16','09:08:00',NULL,NULL,'hjn4686','beltrano','12345678922','beltra s.a',NULL,NULL,NULL,NULL,NULL,NULL,NULL,'1','nf 1234565'),(146,'1',NULL,'2019-09-16','15:07:00',NULL,'CARRO','fad7716','MARCOS','1234567891','BANDEIRANTE',NULL,NULL,NULL,NULL,NULL,NULL,NULL,'1','TESTE NF 12321'),(147,'1',NULL,'2019-09-16','16:26:00',NULL,'CAMINHAO','ABC4686','MARCOS TESTE','115473698','TESTE',NULL,NULL,NULL,NULL,NULL,NULL,NULL,'1','TESTE'),(148,'1',NULL,'2019-09-16','16:30:00',NULL,'CAMINHAO','ABC1020','MARCOS TESTE II','112354789','EMPRESA TESTE',NULL,NULL,NULL,NULL,NULL,NULL,NULL,'1','TESTE NF 2225544'),(150,'1',NULL,'2019-09-18','00:08:37',NULL,'CAMINHAO','BKO-0751','WAGNER NASCIMENTO','1650657','RÚBIO ','2019-09-18','11:00:00',NULL,'','',NULL,NULL,'2','                                NF:003131 FALAR C/ ADILSON                        '),(151,'1',NULL,'2019-09-18','00:08:40',NULL,'CARRO','EVG-0320','EDEZIO RODRIGUES DA SILVA','26293490','CR (COSTA & RODRIGUES)','2019-09-18','08:44:00',NULL,'','',NULL,NULL,'2','                NF:03905 FALAR C/ ALEX            '),(152,'2','0','2019-09-18','04:25:00',NULL,NULL,NULL,NULL,NULL,NULL,'2019-09-18','17:23:00',NULL,'','',48,NULL,'2','                FUNCIONÁRIO             '),(153,'2','0','2019-09-18','06:16:00',NULL,NULL,NULL,NULL,NULL,NULL,'2019-09-18','17:06:00',NULL,'','',49,NULL,'2','                FUNCIONÁRIO             '),(154,'1',NULL,'2019-09-18','09:05:00',NULL,'CAMINHAO','JRW-6363','NIVALDO DOS SANTOS ','7339702','BRASKEM','2019-09-18','11:38:00',NULL,'','',NULL,NULL,'2','                NF:SNF FALA C/ ADILSON            '),(155,'2','0','2019-09-18','00:06:49',NULL,NULL,NULL,NULL,NULL,NULL,'2019-09-18','17:06:00',NULL,'','',50,NULL,'2','                FUNCIONÁRIO             '),(156,'2','0','2019-09-18','07:07:00',NULL,NULL,NULL,NULL,NULL,NULL,'2019-09-18','17:04:00',NULL,'12:25','12:36',47,NULL,'2','                                                FUNCIONÁRIO                                    '),(157,'1',NULL,'2019-09-18','09:19:00',NULL,'MOTO','BZL-8193','LEANDRO GOMES ','41876461','REPAROL','2019-09-18','09:23:00',NULL,'','',NULL,NULL,'2','                NF:301502 FALAR C/ ADILSON            '),(158,'2','0','2019-09-18','00:09:51',NULL,NULL,NULL,NULL,NULL,NULL,'2019-09-18','16:19:00',NULL,'12:13','12:47',43,NULL,'2','                                                FUNCIONÁRIO                                    '),(159,'1',NULL,'2019-09-18','10:45:00',NULL,'CARRO','FKD-1924','GREGÓRIO DA SILVA ','27471774-8','AMELIA WATANABE','2019-09-18','10:50:00',NULL,'','',NULL,NULL,'2','                NF:0196943 FALAR C/ ALEX            '),(160,'1',NULL,'2019-09-18','11:26:00',NULL,'CARRO','QHW-6162','CRISTIANO LOPES','28273783','RADIAL','2019-09-18','11:33:00',NULL,'','',NULL,NULL,'2','                NF:01178766 FALAR C/ ADILSON            '),(161,'1',NULL,'2019-09-18','11:23:00',NULL,'MOTO','EZL-5366','ANDRE MELLO','41272128-4','WAZI','2019-09-18','11:33:00',NULL,'','',NULL,NULL,'2','                NF:02386 FALAR C/ MARCOS            '),(162,'2','0','2019-09-18','11:26:00',NULL,NULL,NULL,NULL,NULL,NULL,'2019-09-18','16:51:00',NULL,'','',54,NULL,'2','                FUNCIONÁRIO             '),(163,'1',NULL,'2019-09-18','11:48:00',NULL,'CARRO','FHA-4766','ADRIANO CRUZ','42786832-4','SIEGWERK BRASIL','2019-09-18','11:56:00',NULL,'','',NULL,NULL,'2','                NF:338442 FALAR C/ ADILSON            '),(164,'2','1','2019-09-18','12:30:00',NULL,NULL,'EPZ-3998','MARCOS LUIZ ALVES','185300-13','ENTREVISTA','2019-09-18','15:48:00',NULL,'','',NULL,NULL,'2','                FALAR C/ CAMILA            '),(165,'2','0','2019-09-18','00:09:47',NULL,NULL,NULL,NULL,NULL,NULL,'2019-09-18','16:33:00',NULL,'12:18','13:21',55,NULL,'2','                                                FUNCIONÁRIO                                     '),(166,'1',NULL,'2019-09-18','13:49:00',NULL,'CARRO','FIJ-2874','JACI TORRES BARBOSA','12974403','STEEL SERV.','2019-09-18','13:51:00',NULL,'','',NULL,NULL,'2','                NF:79718 FALAR C/ ADILSON            '),(167,'1',NULL,'2019-09-18','13:50:00',NULL,'CAMINHAO','EFN-0564','JOSE FERNANDO FERREIRA DE LIMA','22627815','INBRA','2019-09-18','14:12:00',NULL,'','',NULL,NULL,'2','                NF:33176/33201 FALAR C/ ADILSON            '),(168,'2','0','2019-09-18','13:55:00',NULL,NULL,NULL,NULL,NULL,NULL,'2019-09-18','14:34:00',NULL,'','',56,NULL,'2','                FUNCIONÁRIO            '),(169,'2','0','2019-09-18','14:02:00',NULL,NULL,NULL,NULL,NULL,NULL,NULL,NULL,NULL,NULL,NULL,57,NULL,'1','FUNCIONÁRIO '),(170,'2','0','2019-09-18','13:46:00',NULL,NULL,NULL,NULL,NULL,NULL,'2019-09-18','15:54:00',NULL,'','',58,NULL,'2','                FUNCIONÁRIO             '),(171,'1',NULL,'2019-09-18','14:16:00',NULL,'CAMINHAO','ETU-4278','ANTONIO DO SANTOS','16914169','LUMINAR','2019-09-18','14:29:00',NULL,'','',NULL,NULL,'2','                NF:147826 FALAR C/ ADILSON            '),(172,'1',NULL,'2019-09-18','13:19:00',NULL,'CAMINHAO','CVP-7935','EDNALDO PEREIRA DA SILVA','1416686','BRUNDELL','2019-09-18','14:25:00',NULL,'','',NULL,NULL,'2','                NF:086379 FALAR C/ ADILSON            '),(173,'1',NULL,'2019-09-18','14:35:00',NULL,'CAMINHAO','ATH-6704','ANTONIO CAETANO DE SOUZA','979935','TUBO MINAS','2019-09-18','15:03:00',NULL,'','',NULL,NULL,'2','                NF:023075 FALAR C/ ADILSON            '),(174,'2','0','2019-09-19','05:43:00',NULL,NULL,NULL,NULL,NULL,NULL,'2019-09-19','14:45:00',NULL,'','',59,NULL,'2','                FUNCIONÁRIO            '),(175,'2','0','2019-09-19','05:58:00',NULL,NULL,NULL,NULL,NULL,NULL,'2019-09-19','14:25:00',NULL,'','',60,NULL,'2','                FUNCIONÁRIO            '),(176,'2','0','2019-09-19','00:05:58',NULL,NULL,NULL,NULL,NULL,NULL,'2019-09-19','14:28:00',NULL,'','',61,NULL,'2','                FUNCIONÁRIO            '),(177,'2','0','2019-09-19','05:45:00',NULL,NULL,NULL,NULL,NULL,NULL,'2019-09-20','18:15:00',NULL,'','',62,NULL,'2','                FUNCIONÁRIO            '),(178,'2','0','2019-09-19','06:03:00',NULL,NULL,NULL,NULL,NULL,NULL,'2019-09-19','14:27:00',NULL,'','',63,NULL,'2','                FUNCIONÁRIO            '),(179,'2','0','2019-09-19','06:06:00',NULL,NULL,NULL,NULL,NULL,NULL,'2019-09-19','17:04:00',NULL,'','',64,NULL,'2','                FUNCIONÁRIO            '),(180,'2','0','2019-09-19','06:12:00',NULL,NULL,NULL,NULL,NULL,NULL,'2019-09-19','17:04:00',NULL,'','',65,NULL,'2','                FUNCIONÁRIO            '),(181,'2','0','2019-09-19','06:16:00',NULL,NULL,NULL,NULL,NULL,NULL,'2019-09-19','17:06:00',NULL,'','',49,NULL,'2','                FUNCIONARIO            '),(182,'2','0','2019-09-19','06:14:00',NULL,NULL,NULL,NULL,NULL,NULL,'2019-09-19','17:07:00',NULL,'','',66,NULL,'2','                FUNCIONÁRIO            '),(183,'2','0','2019-09-19','06:29:00',NULL,NULL,NULL,NULL,NULL,NULL,'2019-09-19','17:07:00',NULL,'','',67,NULL,'2','                FUNCIONÁRIO            '),(184,'2','0','2019-09-19','06:32:00',NULL,NULL,NULL,NULL,NULL,NULL,'2019-09-20','18:15:00',NULL,'','',48,NULL,'2','                FUNCIONARIO            '),(185,'2','0','2019-09-19','06:36:00',NULL,NULL,NULL,NULL,NULL,NULL,'2019-09-19','17:02:00',NULL,'','',68,NULL,'2','                FUNCIONÁRIO            '),(186,'2','0','2019-09-19','06:38:00',NULL,NULL,NULL,NULL,NULL,NULL,'2019-09-19','17:03:00',NULL,'','',69,NULL,'2','                FUNCIONÁRIO            '),(187,'2','0','2019-09-19','06:41:00',NULL,NULL,NULL,NULL,NULL,NULL,'2019-09-19','17:03:00',NULL,'','',70,NULL,'2','                FUNCIONÁRIO            '),(188,'2','0','2019-09-19','06:45:00',NULL,NULL,NULL,NULL,NULL,NULL,'2019-09-19','17:12:00',NULL,'','',71,NULL,'2','                FUNCIONARIO            '),(189,'2','0','2019-09-19','06:46:00',NULL,NULL,NULL,NULL,NULL,NULL,'2019-09-19','17:07:00',NULL,'','',72,NULL,'2','                FUNCIONÁRIO            '),(190,'2','0','2019-09-19','06:46:00',NULL,NULL,NULL,NULL,NULL,NULL,'2019-09-19','17:16:00',NULL,'','',73,NULL,'2','                FUNCIONÁRIO            '),(191,'2','0','2019-09-19','06:54:00',NULL,NULL,NULL,NULL,NULL,NULL,'2019-09-19','17:06:00',NULL,'','',50,NULL,'2','                FUNCIONÁRIO            '),(193,'2','0','2019-09-19','06:56:00',NULL,NULL,NULL,NULL,NULL,NULL,'2019-09-19','17:04:00',NULL,'','',76,NULL,'2','                FUNCIONÁRIO            '),(194,'2','0','2019-09-19','07:02:00',NULL,NULL,NULL,NULL,NULL,NULL,'2019-09-19','17:03:00',NULL,'','',47,NULL,'2','                FUNCIONÁRIO            '),(195,'2','0','2019-09-19','07:05:00',NULL,NULL,NULL,NULL,NULL,NULL,'2019-09-19','17:00:00',NULL,'','',77,NULL,'2','                FUNCIONÁRIO            '),(196,'2','0','2019-09-19','07:07:00',NULL,NULL,NULL,NULL,NULL,NULL,'2019-09-19','17:00:00',NULL,'','',45,NULL,'2','                FUNCIONÁRIO            '),(197,'2','0','2019-09-19','07:08:00',NULL,NULL,NULL,NULL,NULL,NULL,'2019-09-19','11:16:00',NULL,'09:26','09:41',79,NULL,'2','                                                FUNCIONÁRIO                                    '),(198,'2','0','2019-09-19','07:27:00',NULL,NULL,NULL,NULL,NULL,NULL,'2019-09-19','16:23:00',NULL,'','',80,NULL,'2','                FUNCIONÁRIO            '),(199,'1',NULL,'2019-09-19','08:37:00',NULL,'CAMINHAO','DPF-4496','JOSÉ FELIX DE ARAUJO','14540325-7','UNIPAR','2019-09-19','10:27:00',NULL,'','',NULL,NULL,'2','                NF:0243126 - FALAR C/ADILSON            '),(200,'2','0','2019-09-19','09:37:00',NULL,NULL,NULL,NULL,NULL,NULL,'2019-09-19','16:41:00',NULL,'','',55,NULL,'2','                FUNCIONÁRIO            '),(201,'1',NULL,'2019-09-19','09:52:00',NULL,'CAMINHAO','ETH-7893','DORIVAL DONIZETI PERIN','23982279-1','GUEDES','2019-09-19','10:33:00',NULL,'','',NULL,NULL,'2','                NF:SNF      - FALAR C/ALEMÃO            '),(202,'2','0','2019-09-19','10:01:00',NULL,NULL,NULL,NULL,NULL,NULL,'2019-09-19','16:53:00',NULL,'','',81,NULL,'2','                FUNCIONÁRIO            '),(203,'1',NULL,'2019-09-19','10:40:00',NULL,'CARRO','FSQ-4407','RICARDO APARECIDO DE PAULO','20549577-1','ALAN PATRICK','2019-09-19','10:56:00',NULL,'','',NULL,NULL,'2','                NF:SNF      - FALAR C/ALEMÃO            '),(204,'2','0','2019-09-19','10:57:00',NULL,NULL,NULL,NULL,NULL,NULL,'2019-09-19','16:40:00',NULL,'12:26','13:18',43,NULL,'2','                                                FUNCIONÁRIO                                    '),(206,'0',NULL,'2019-09-20','09:25:00','DANIEL',NULL,NULL,NULL,NULL,NULL,'2019-09-20','17:00:00','DANIEL',NULL,NULL,NULL,1,'2',NULL),(208,'2','0','2019-09-20','09:30:00',NULL,NULL,NULL,NULL,NULL,NULL,NULL,NULL,NULL,NULL,NULL,81,NULL,'1','FUNCIONARIO'),(209,'2','0','2019-09-20','09:28:00',NULL,NULL,NULL,NULL,NULL,NULL,'2019-09-19','16:41:00',NULL,'','',55,NULL,'2','                FUNCIONARIO            '),(211,'2','0','2019-09-24','05:30:00',NULL,NULL,NULL,NULL,NULL,NULL,'2019-09-25','19:20:00',NULL,'','',62,NULL,'2','                FUNCIONARIO            '),(212,'2','0','2019-09-24','05:40:00',NULL,NULL,NULL,NULL,NULL,NULL,'2019-09-24','14:39:00',NULL,'','',59,NULL,'2','                FUNCIONÁRIO            '),(213,'2','0','2019-09-24','05:50:00',NULL,NULL,NULL,NULL,NULL,NULL,'2019-09-24','16:40:00',NULL,'','',73,NULL,'2','                FUNCIONARIO            '),(214,'2','0','2019-09-24','05:53:00',NULL,NULL,NULL,NULL,NULL,NULL,'2019-09-24','14:27:00',NULL,'','',63,NULL,'2','                FUNCIONÁRIO            '),(215,'2','0','2019-09-24','05:54:00',NULL,NULL,NULL,NULL,NULL,NULL,'2019-09-24','14:29:00',NULL,'','',61,NULL,'2','                FUNCIONÁRIO            '),(216,'2','0','2019-09-24','06:12:00',NULL,NULL,NULL,NULL,NULL,NULL,'2019-09-24','17:02:00',NULL,'','',76,NULL,'2','                FUNCIONÁRIO            '),(217,'2','0','2019-09-24','06:16:00',NULL,NULL,NULL,NULL,NULL,NULL,'2019-09-24','17:05:00',NULL,'','',49,NULL,'2','                FUNCIONÁRIO            '),(218,'2','0','2019-09-24','06:22:00',NULL,NULL,NULL,NULL,NULL,NULL,'2019-09-24','17:08:00',NULL,'','',66,NULL,'2','                FUNCIONÁRIO            '),(219,'2','0','2019-09-24','06:30:00',NULL,NULL,NULL,NULL,NULL,NULL,'2019-09-24','17:08:00',NULL,'','',67,NULL,'2','                FUNCIONÁRIO            '),(221,'2','0','2019-09-24','06:40:00',NULL,NULL,NULL,NULL,NULL,NULL,'2019-09-24','17:04:00',NULL,'12:39','12:50',68,NULL,'2','                                                FUNCIONÁRIO                                    '),(222,'2','0','2019-09-24','06:41:00',NULL,NULL,NULL,NULL,NULL,NULL,'2019-09-24','17:05:00',NULL,'','',70,NULL,'2','                FUNCIONÁRIO            '),(223,'2','0','2019-09-24','06:42:00',NULL,NULL,NULL,NULL,NULL,NULL,'2019-09-24','17:37:00',NULL,'12:48','12:54',85,NULL,'2','                                                FUNCIONÁRIO                                    '),(224,'2','0','2019-09-24','06:47:00',NULL,NULL,NULL,NULL,NULL,NULL,'2019-09-24','17:05:00',NULL,'','',72,NULL,'2','                FUNCIONÁRIO            '),(225,'2','0','2019-09-24','06:51:00',NULL,NULL,NULL,NULL,NULL,NULL,'2019-09-25','19:20:00',NULL,'','',48,NULL,'2','                FUNCIONÁRIO            '),(226,'2','0','2019-09-24','06:51:00',NULL,NULL,NULL,NULL,NULL,NULL,'2019-09-24','17:08:00',NULL,'','',50,NULL,'2','                FUNCIONÁRIO            '),(227,'2','0','2019-09-24','06:53:00',NULL,NULL,NULL,NULL,NULL,NULL,'2019-09-24','17:00:00',NULL,'','',45,NULL,'2','                FUNCIONÁRIO            '),(228,'2','0','2019-09-24','07:00:00',NULL,NULL,NULL,NULL,NULL,NULL,'2019-09-24','17:52:00',NULL,'','',77,NULL,'2','                FUNCIONÁRIO            '),(229,'2','0','2019-09-24','06:59:00',NULL,NULL,NULL,NULL,NULL,NULL,'2019-09-24','17:02:00',NULL,'','',71,NULL,'2','                FUNCIONÁRIO            '),(230,'2','0','2019-09-24','07:12:00',NULL,NULL,NULL,NULL,NULL,NULL,'2019-09-24','17:30:00',NULL,'','',80,NULL,'2','                FUNCIONÁRIO            '),(231,'2','0','2019-09-24','07:09:00',NULL,NULL,NULL,NULL,NULL,NULL,'2019-09-24','11:19:00',NULL,'09:58','10:54',79,NULL,'2','                                                FUNCIONÁRIO                                    '),(232,'1',NULL,'2019-09-24','09:15:00',NULL,'CAMINHAO','CPG-6695','GIVALDO THOMAS DA SILVA','39294175-2','VIP','2019-09-24','09:46:00',NULL,'','',NULL,NULL,'2','                NF:0443852     - FALAR C/ ADILSON            '),(233,'2','0','2019-09-24','09:47:00',NULL,NULL,NULL,NULL,NULL,NULL,'2019-09-24','16:46:00',NULL,'12:17','13:06',53,NULL,'2','                                                FUNCIONARIO                                    '),(234,'2','0','2019-09-24','09:49:00',NULL,NULL,NULL,NULL,NULL,NULL,'2019-09-24','17:12:00',NULL,'','',81,NULL,'2','                FUNCIONARIO            '),(235,'2','1','2019-09-24','10:05:00',NULL,NULL,'FXC-3840','SILVIO  MENG','7652139-4','RADIZ','2019-09-24','12:05:00',NULL,'','',NULL,NULL,'2','                FALAR C/ FERNANDO            '),(236,'2','1','2019-09-24','11:15:00',NULL,NULL,'ERG-6556','ROGÉRIO BIZACO','19740551-4','RMC','2019-09-24','11:48:00',NULL,'','',NULL,NULL,'2','                FALAR C/ FERNANDO            '),(237,'1',NULL,'2019-09-24','10:27:00',NULL,'CAMINHAO','BWD-6794','FERNANDO BASTOS DE ORONZO','33386748','UNIPAR','2019-09-24','11:26:00',NULL,'','',NULL,NULL,'2','                NF:SNF  - FALAR C/ AGNALDO            '),(238,'2','0','2019-09-24','11:46:00',NULL,NULL,NULL,NULL,NULL,NULL,'2019-09-24','15:10:00',NULL,'','',79,NULL,'2','                FUNCIONÁRIO            '),(239,'1',NULL,'2019-09-24','12:21:00',NULL,'CAMINHAO','BKO-0751','WAGNER NASCIMENTO','1650657','RUBIO','2019-09-24','14:03:00',NULL,'','',NULL,NULL,'2','                NF:03140      - FALAR C/ ADILSON            '),(240,'1',NULL,'2019-09-24','14:05:00',NULL,'CAMINHAO','EFO-4916','JEFERSON ALVES GOMES','415606147','PLUMA','2019-09-24','14:42:00',NULL,'','',NULL,NULL,'2','                NF:SNF    - FALAR C/ AGNALDO            '),(241,'1',NULL,'2019-09-24','14:17:00',NULL,'CAMINHAO','MAI-2525','HILARIO MUHLBAUER','733696','CONDO','2019-09-24','14:45:00',NULL,'','',NULL,NULL,'2','                NF:SNF      - FALAR C/ AGNALDO            '),(242,'1',NULL,'2019-09-24','15:11:00',NULL,'CAMINHAO','MCU-6260','ALTAIR DE OLIVEIRA CAMPOS','2112561','DENARD','2019-09-24','15:53:00',NULL,'','',NULL,NULL,'2','                NF:SNF      - FALAR C/ AGNALDO            '),(243,'1',NULL,'2019-09-24','15:18:00',NULL,'CAMINHAO','GXH-0543','RONY RIBEIRO','M7309833','OURO DE MINAS','2019-09-24','15:43:00',NULL,'','',NULL,NULL,'2','                NF:SNF      - FALAR C/ AGNALDO            '),(244,'1',NULL,'2019-09-24','15:43:00',NULL,'CARRO','FJZ-3272','ANDREI VIANA','28068049','HERK','2019-09-24','15:48:00',NULL,'','',NULL,NULL,'2','                NF:SNF      - FALAR C/ AGNALDO            '),(245,'1',NULL,'2019-09-24','16:04:00',NULL,'MOTO','FIF-9349','WALCIR SANTOS','23528615-1','AUSTIN','2019-09-24','16:07:00',NULL,'','',NULL,NULL,'2','                NF:03270      - FALAR C/ ADILSON            '),(246,'1',NULL,'2019-09-24','16:41:00',NULL,'CARRO','GIP-1653','GIOVANE SILVA','45627610-5','IZUMI TINTAS','2019-09-24','16:45:00',NULL,'','',NULL,NULL,'2','                NF:SNF      - FALAR C/ ADILSON            '),(247,'2','0','2019-09-25','05:54:00',NULL,NULL,NULL,NULL,NULL,NULL,'2019-09-25','14:31:00',NULL,'','',61,NULL,'2','                FUNCIONÁRIO            '),(248,'2','0','2019-09-25','05:55:00',NULL,NULL,NULL,NULL,NULL,NULL,'2019-09-25','14:29:00',NULL,'','',63,NULL,'2','                FUNCIONÁRIO            '),(249,'2','0','2019-09-25','05:58:00',NULL,NULL,NULL,NULL,NULL,NULL,'2019-09-25','16:51:00',NULL,'','',73,NULL,'2','                FUNCIONÁRIO            '),(250,'2','0','2019-09-25','06:05:00',NULL,NULL,NULL,NULL,NULL,NULL,'2019-09-25','16:33:00',NULL,'','',80,NULL,'2','                FUNCIONÁRIO            '),(251,'2','0','2019-09-25','06:03:00',NULL,NULL,NULL,NULL,NULL,NULL,'2019-09-25','14:27:00',NULL,'','',60,NULL,'2','                FUNCIONÁRIO            '),(252,'2','0','2019-09-25','06:10:00',NULL,NULL,NULL,NULL,NULL,NULL,'2019-09-25','17:04:00',NULL,'','',65,NULL,'2','                FUNCIONÁRIO            '),(253,'2','0','2019-09-25','06:16:00',NULL,NULL,NULL,NULL,NULL,NULL,'2019-09-25','17:09:00',NULL,'','',49,NULL,'2','                FUNCIONÁRIO            '),(254,'2','0','2019-09-25','06:19:00',NULL,NULL,NULL,NULL,NULL,NULL,'2019-09-25','17:03:00',NULL,'','',76,NULL,'2','                FUNCIONÁRIO            '),(255,'2','0','2019-09-25','06:21:00',NULL,NULL,NULL,NULL,NULL,NULL,'2019-09-25','16:46:00',NULL,'','',87,NULL,'2','                FUNCIONÁRIO            '),(256,'2','0','2019-09-25','06:23:00',NULL,NULL,NULL,NULL,NULL,NULL,'2019-09-25','17:12:00',NULL,'','',66,NULL,'2','                FUNCIONÁRIO            '),(257,'2','0','2019-09-25','06:32:00',NULL,NULL,NULL,NULL,NULL,NULL,'2019-09-25','18:10:00',NULL,'','',48,NULL,'2','                                FUNCIONARIO                        '),(258,'2','0','2019-09-25','06:36:00',NULL,NULL,NULL,NULL,NULL,NULL,'2019-09-25','17:25:00',NULL,'12:42','12:56',85,NULL,'2','                                                FUNCIONÁRIO                                    '),(259,'2','0','2019-09-25','06:41:00',NULL,NULL,NULL,NULL,NULL,NULL,'2019-09-25','17:09:00',NULL,'','',67,NULL,'2','                FUNCIONARIO            '),(260,'2','0','2019-09-25','06:44:00',NULL,NULL,NULL,NULL,NULL,NULL,'2019-09-25','17:04:00',NULL,'','',70,NULL,'2','                FUNCIONARIO            '),(261,'2','0','2019-09-25','06:50:00',NULL,NULL,NULL,NULL,NULL,NULL,'2019-09-25','17:36:00',NULL,'','',68,NULL,'2','                FUNCIONARIO            '),(263,'2','0','2019-09-25','06:51:00',NULL,NULL,NULL,NULL,NULL,NULL,'2019-09-25','17:03:00',NULL,'12:22','12:51',45,NULL,'2','                                                FUNCIONARIO                                    '),(264,'2','0','2019-09-25','06:53:00',NULL,NULL,NULL,NULL,NULL,NULL,'2019-09-25','17:19:00',NULL,'','',71,NULL,'2','                FUNCIONARIO            '),(265,'2','0','2019-09-25','06:53:00',NULL,NULL,NULL,NULL,NULL,NULL,'2019-09-25','17:06:00',NULL,'','',50,NULL,'2','                FUNCIONARIO            '),(266,'2','0','2019-09-25','06:56:00',NULL,NULL,NULL,NULL,NULL,NULL,'2019-09-25','17:07:00',NULL,'','',72,NULL,'2','                FUNCIONARIO            '),(267,'2','0','2019-09-25','06:57:00',NULL,NULL,NULL,NULL,NULL,NULL,'2019-09-25','17:06:00',NULL,'','',47,NULL,'2','                FUNCIONARIO            '),(268,'2','0','2019-09-25','07:05:00',NULL,NULL,NULL,NULL,NULL,NULL,'2019-09-25','17:03:00',NULL,'','',77,NULL,'2','                FUNCIONARIO            '),(269,'2','0','2019-09-25','07:01:00',NULL,NULL,NULL,NULL,NULL,NULL,'2019-09-25','12:12:00',NULL,'12:12','',88,NULL,'2','                                FUNCIONARIO                        '),(270,'2','0','2019-09-25','07:40:00',NULL,NULL,NULL,NULL,NULL,NULL,'2019-09-25','11:19:00',NULL,'10:35','10:58',79,NULL,'2','                                                FUNCIONARIO                                    '),(271,'2','0','2019-09-25','08:44:00',NULL,NULL,NULL,NULL,NULL,NULL,NULL,NULL,NULL,NULL,NULL,89,NULL,'1','FUNCIONARIO'),(272,'2','0','2019-09-25','09:22:00',NULL,NULL,NULL,NULL,NULL,NULL,'2019-09-25','16:45:00',NULL,'','',55,NULL,'2','                FUNCIONARIO            '),(273,'2','0','2019-09-25','09:54:00',NULL,NULL,NULL,NULL,NULL,NULL,'2019-09-25','17:23:00',NULL,'','',81,NULL,'2','                FUNCIONARIO            '),(274,'2','0','2019-09-25','10:35:00',NULL,NULL,NULL,NULL,NULL,NULL,'2019-09-25','12:02:00',NULL,'','',90,NULL,'2','                FUNCIONARIO            '),(275,'1',NULL,'2019-09-25','11:01:00',NULL,'CAMINHAO','CVP-0490','MARIO APARECIDO BELLOMI','6821307','INBRA','2019-09-25','11:11:00',NULL,'','',NULL,NULL,'2','                NF:033446      - FALAR C/ ADILSON            '),(276,'2','0','2019-09-25','11:22:00',NULL,NULL,NULL,NULL,NULL,NULL,'2019-09-25','16:06:00',NULL,'12:29','13:22',53,NULL,'2','                                                FUNCIONARIO                                    '),(277,'1',NULL,'2019-09-25','11:29:00',NULL,'CAMINHAO','DBK-4585','EMANUEL OLIVEIRA','47750848','TIN QUÍMICA ','2019-09-25','11:37:00',NULL,'','',NULL,NULL,'2','                NF:04622      - FALAR C/ ADILSON            '),(278,'2','0','2019-09-25','11:53:00',NULL,NULL,NULL,NULL,NULL,NULL,'2019-09-25','14:17:00',NULL,'','',79,NULL,'2','                FUNCIONARIO            '),(279,'2','0','2019-09-25','11:56:00',NULL,NULL,NULL,NULL,NULL,NULL,'2019-09-25','21:00:00',NULL,'','',91,NULL,'2','                FUNCIONARIO            '),(280,'1',NULL,'2019-09-25','12:09:00',NULL,'CARRO','EQL-2685','MARIA DO CARMO','17120370-7','EURO GRAF','2019-09-25','12:20:00',NULL,'','',NULL,NULL,'2','                NF:02044      - FALAR C/ ADILSON            '),(281,'2','0','2019-09-25','14:02:00',NULL,NULL,NULL,NULL,NULL,NULL,'2019-09-25','17:09:00',NULL,'','',92,NULL,'2','                FUNCIONARIO            '),(282,'1',NULL,'2019-09-25','14:47:00',NULL,'CAMINHAO','FEI-4151','ESPEDITO INÁCIO DE JESUS','32309454','GLYCERO','2019-09-25','17:16:00',NULL,'','',NULL,NULL,'2','                NF:05523/05529/05530      - FALAR C/ ADILSON            '),(283,'1',NULL,'2019-09-25','15:07:00',NULL,'CAMINHAO','CLJ-1632','SIDNEI DA SILVA','468492252','TUBOKRAFT','2019-09-25','15:27:00',NULL,'','',NULL,NULL,'2','                NF:060897      - FALAR C/  ADILSON            '),(284,'2','0','2019-09-25','16:29:00',NULL,NULL,NULL,NULL,NULL,NULL,'2019-09-25','16:42:00',NULL,'','',93,NULL,'2','                FUNCIONARIO            '),(285,'0',NULL,'2019-09-27','00:06:00','MAMUTE',NULL,NULL,NULL,NULL,NULL,'2019-09-27','16:00:00','MAMUTE',NULL,NULL,NULL,3,'2',NULL),(286,'0',NULL,'2019-09-27','06:00:00','MAMUTE',NULL,NULL,NULL,NULL,NULL,NULL,NULL,NULL,NULL,NULL,NULL,3,'1',NULL),(288,'2','1','2019-09-27','08:48:00',NULL,NULL,'JSD3082','JOAO','123123123','DELTA','2019-09-27','10:50:00',NULL,'','',NULL,NULL,'2','                FALAR  CON  MARCOS            '),(289,'1',NULL,'2019-09-27','08:52:00',NULL,'CAMINHAO','GDB5028','GABRIL','01113582','RL HENGINE',NULL,NULL,NULL,NULL,NULL,NULL,NULL,'1','NF:3082      - FALAR C/ADILSON'),(290,'0',NULL,'2019-09-27','09:01:00','MAMUTE',NULL,NULL,NULL,NULL,NULL,NULL,NULL,NULL,NULL,NULL,NULL,3,'1',NULL),(291,'0',NULL,'2019-09-27','09:10:00','MAMUTE',NULL,NULL,NULL,NULL,NULL,'2019-09-27',NULL,NULL,'','',NULL,3,'1',''),(292,'2','0','2019-09-30','06:02:00',NULL,NULL,NULL,NULL,NULL,NULL,'2019-09-30','14:30:00',NULL,'','',60,NULL,'2','                FUNCIONARIO            '),(293,'2','0','2019-09-30','06:08:00',NULL,NULL,NULL,NULL,NULL,NULL,'2019-09-30','10:10:00',NULL,'','',76,NULL,'2','                FUNCIONARIO            '),(294,'2','0','2019-09-30','06:18:00',NULL,NULL,NULL,NULL,NULL,NULL,'2019-09-30','14:27:00',NULL,'','',95,NULL,'2','                FUNCIONARIO            '),(295,'2','0','2019-09-30','05:55:00',NULL,NULL,NULL,NULL,NULL,NULL,'2019-09-30','14:27:00',NULL,'','',61,NULL,'2','                FUNCIONARIO            '),(296,'2','0','2019-09-30','05:55:00',NULL,NULL,NULL,NULL,NULL,NULL,'2019-09-30','17:08:00',NULL,'12:27','12:40',73,NULL,'2','                                                FUNCIONARIO                                    '),(297,'2','0','2019-09-30','06:26:00',NULL,NULL,NULL,NULL,NULL,NULL,'2019-09-30','17:06:00',NULL,'','',49,NULL,'2','                FUNCIONARIO            '),(298,'2','0','2019-09-30','06:30:00',NULL,NULL,NULL,NULL,NULL,NULL,'2019-09-30',NULL,NULL,'12:50','',85,NULL,'1','                FUNCIONARIO            '),(299,'2','0','2019-09-30','06:40:00',NULL,NULL,NULL,NULL,NULL,NULL,'2019-09-30','17:03:00',NULL,'','',75,NULL,'2','                FUNCIONARIO            '),(300,'2','0','2019-09-30','06:40:00',NULL,NULL,NULL,NULL,NULL,NULL,'2019-09-30','17:05:00',NULL,'','',70,NULL,'2','                FUNCIONARIO            '),(301,'2','0','2019-09-30','06:48:00',NULL,NULL,NULL,NULL,NULL,NULL,'2019-09-30','17:05:00',NULL,'','',51,NULL,'2','                FUNCIONARIO            '),(302,'2','0','2019-09-30','07:00:00',NULL,NULL,NULL,NULL,NULL,NULL,'2019-09-30','17:10:00',NULL,'','',50,NULL,'2','                FUNCIONARIO            '),(303,'2','0','2019-09-30','07:07:00',NULL,NULL,NULL,NULL,NULL,NULL,'2019-09-30','17:53:00',NULL,'12:13','13:10',88,NULL,'2','                                                FUNCIONARIO                                    '),(304,'2','0','2019-09-30','07:31:00',NULL,NULL,NULL,NULL,NULL,NULL,'2019-09-30','11:19:00',NULL,'09:59','10:17',79,NULL,'2','                                                FUNCIONARIO                                    '),(305,'2','0','2019-09-30','07:50:00',NULL,NULL,NULL,NULL,NULL,NULL,NULL,NULL,NULL,NULL,NULL,48,NULL,'1','FUNCIONARIO'),(306,'2','0','2019-09-30','00:06:18',NULL,NULL,NULL,NULL,NULL,NULL,'2019-09-30','17:06:00',NULL,'','',66,NULL,'2','                FUNCIONARIO            '),(307,'2','0','2019-09-30','10:04:00',NULL,NULL,NULL,NULL,NULL,NULL,'2019-09-30','16:25:00',NULL,'12:16','13:10',43,NULL,'2','                                                FUNCIONARIO                                    '),(308,'1',NULL,'2019-09-30','00:09:12',NULL,'CAMINHAO','PKP-5912','WILLIAN LIMA MACEDO','0314742336','BRASKEM',NULL,NULL,NULL,NULL,NULL,NULL,NULL,'1','NF:0197425      - FALAR C/ ADILSON'),(309,'1',NULL,'2019-09-30','00:09:12',NULL,'CAMINHAO','PKP-5912','WILLIAN LIMA MACEDO','0314742336','BRASKEM',NULL,NULL,NULL,NULL,NULL,NULL,NULL,'1','NF:0197425      - FALAR C/ ADILSON'),(310,'1',NULL,'2019-09-30','00:09:12',NULL,'CAMINHAO','PKP-5912','WILLIAN LIMA MACEDO','0314742336','BRASKEM','2019-09-30','10:25:00',NULL,'','',NULL,NULL,'2','                NF:0197425      - FALAR C/ ADILSON            '),(311,'1',NULL,'2019-09-30','10:35:00',NULL,'CAMINHAO','EKH-8752','VALDIZIO SOUZA LIMA','16598296-2','SIEGWERK BRASIL','2019-09-30','10:41:00',NULL,'','',NULL,NULL,'2','                NF:338966      - FALAR C/ ADILSON            '),(312,'1',NULL,'2019-09-30','10:36:00',NULL,'CAMINHAO','CVN-1708','JAMIL PUKE','7363521','VIP','2019-09-30','10:58:00',NULL,'','',NULL,NULL,'2','                NF:0444517 FALAR C/ ADILSON            '),(313,'1',NULL,'2019-09-30','11:08:00',NULL,'CARRO','FAD7715','TESTE','123456123','TESTE',NULL,NULL,NULL,NULL,NULL,NULL,NULL,'1','NF:TESTE      - FALAR C/TESTE'),(314,'2','0','2019-09-30','11:52:00',NULL,NULL,NULL,NULL,NULL,NULL,'2019-09-30','14:01:00',NULL,'14:01','',79,NULL,'2','                                FUNCIONARIO                        '),(315,'2','0','2019-10-01','06:17:00',NULL,NULL,NULL,NULL,NULL,NULL,'2019-10-01','17:06:00',NULL,'','',49,NULL,'2','                FUNCIONARIO            '),(316,'2','0','2019-10-01','06:19:00',NULL,NULL,NULL,NULL,NULL,NULL,'2019-10-01','17:09:00',NULL,'12:09','12:18',68,NULL,'2','                                                FUNCIONARIO                                    '),(317,'2','0','2019-10-01','06:22:00',NULL,NULL,NULL,NULL,NULL,NULL,'2019-10-01','17:10:00',NULL,'','',66,NULL,'2','                FUNCIONARIO            '),(318,'2','0','2019-10-01','06:22:00',NULL,NULL,NULL,NULL,NULL,NULL,NULL,NULL,NULL,NULL,NULL,48,NULL,'1','FUNCIONARIO'),(319,'2','0','2019-10-01','06:32:00',NULL,NULL,NULL,NULL,NULL,NULL,'2019-10-01','17:06:00',NULL,'','',67,NULL,'2','                FUNCIONARIO            '),(320,'2','0','2019-10-01','06:42:00',NULL,NULL,NULL,NULL,NULL,NULL,'2019-10-01','17:04:00',NULL,'','',70,NULL,'2','                FUNCIONARIO            '),(321,'2','0','2019-10-01','06:43:00',NULL,NULL,NULL,NULL,NULL,NULL,'2019-10-01','14:31:00',NULL,'','',63,NULL,'2','                FUNCIONARIO            '),(322,'2','0','2019-10-01','07:02:00',NULL,NULL,NULL,NULL,NULL,NULL,'2019-10-01','17:02:00',NULL,'','',47,NULL,'2','                FUNCIONARIO            '),(323,'2','0','2019-10-01','07:11:00',NULL,NULL,NULL,NULL,NULL,NULL,'2019-10-01','17:12:00',NULL,'12:14','13:06',88,NULL,'2','                                                FUNCIONARIO                                    '),(324,'2','0','2019-10-01','07:35:00',NULL,NULL,NULL,NULL,NULL,NULL,'2019-10-01','15:00:00',NULL,'11:24','11:50',79,NULL,'2','                                                FUNCIONARIO                                    '),(325,'1',NULL,'2019-10-01','09:38:00',NULL,'CAMINHAO','DPF-4495','VANDIR JOSE DE OLIVEIRA','6580906','UNIPAR','2019-10-01','09:46:00',NULL,'','',NULL,NULL,'2','                NF:0243894      - FALAR C/ ADILSON            '),(326,'2','1','2019-10-01','09:06:00',NULL,NULL,'EMD-4007','PEDRO FRIDO','13840517','PRIME','2019-10-01','10:08:00',NULL,'','',NULL,NULL,'2','                FALAR C/ PAULO L            '),(327,'1',NULL,'2019-10-01','09:33:00',NULL,'CAMINHAO','DZI-4580','MARCIO JOSE NASCIMENTO','43397871-5','BBA','2019-10-01','10:31:00',NULL,'','',NULL,NULL,'2','                NF:SNF      - FALAR C/ AGNALDO            '),(328,'2','0','2019-10-01','09:53:00',NULL,NULL,NULL,NULL,NULL,NULL,'2019-10-01','16:57:00',NULL,'','',81,NULL,'2','                FUNCIONARIO            '),(329,'2','0','2019-10-01','09:54:00',NULL,NULL,NULL,NULL,NULL,NULL,'2019-10-01','16:39:00',NULL,'12:16','12:58',43,NULL,'2','                                                FUNCIONARIO                                    '),(330,'2','1','2019-10-01','10:26:00',NULL,NULL,'FLJ-2121','SATO SETSUO','8770837','GLYCERO','2019-10-01','11:32:00',NULL,'','',NULL,NULL,'2','                FALAR C/ NEWTON            '),(331,'1',NULL,'2019-10-01','11:40:00',NULL,'CARRO','QHU-1602','EDSON HENRIQUE','15492902','RADIAL','2019-10-01','11:42:00',NULL,'','',NULL,NULL,'2','                NF:01183133      - FALAR C/ ADILSON            '),(332,'2','0','2019-10-01','11:58:00',NULL,NULL,NULL,NULL,NULL,NULL,'2019-10-01','12:44:00',NULL,'','',96,NULL,'2','                FUNCIONARIO            '),(333,'2','0','2019-10-01','05:56:00',NULL,NULL,NULL,NULL,NULL,NULL,'2019-10-01','14:31:00',NULL,'','',61,NULL,'2','                FUNCIONARIO            '),(334,'1',NULL,'2019-10-01','13:35:00',NULL,'CAMINHAO','CQH-5690','JURANDIR ANTONIO DE LIMA ','12809730','TUBOKRAFT','2019-10-01','14:02:00',NULL,'','',NULL,NULL,'2','                NF:060998      - FALAR C/ ADILSON            '),(335,'1',NULL,'2019-10-01','13:46:00',NULL,'CAMINHAO','GRK-2256','JONAS WILLIAN','MG16780867','GIOVANA ANDRADE','2019-10-01','13:46:00',NULL,'','',NULL,NULL,'2','                NF:SNF      - FALAR C/ AGNALDO            '),(336,'2','0','2019-10-06','05:52:00',NULL,NULL,NULL,NULL,NULL,NULL,'2019-10-06','16:06:00',NULL,'11:36','12:04',97,NULL,'2','                                                FUNCIONARIO                                    '),(337,'2','0','2019-10-06','05:57:00',NULL,NULL,NULL,NULL,NULL,NULL,'2019-10-06','15:12:00',NULL,'','',98,NULL,'2','                FUNCIONARIO            '),(338,'2','0','2019-10-06','06:22:00',NULL,NULL,NULL,NULL,NULL,NULL,NULL,NULL,NULL,NULL,NULL,85,NULL,'1','FUNCIONARIO'),(339,'2','0','2019-10-06','05:40:00',NULL,NULL,NULL,NULL,NULL,NULL,'2019-10-06','14:32:00',NULL,'','',59,NULL,'2','                FUNCIONARIO            '),(340,'2','0','2019-10-07','05:57:00',NULL,NULL,NULL,NULL,NULL,NULL,'2019-10-07','16:30:00',NULL,'','',73,NULL,'2','                FUNCIONARIO            '),(341,'2','0','2019-10-07','06:18:00',NULL,NULL,NULL,NULL,NULL,NULL,'2019-10-07','14:26:00',NULL,'','',60,NULL,'2','                FUNCIONARIO            '),(342,'2','0','2019-10-07','06:25:00',NULL,NULL,NULL,NULL,NULL,NULL,'2019-10-07','16:09:00',NULL,'','',99,NULL,'2','                FUNCIONARIO            '),(343,'2','0','2019-10-07','06:30:00',NULL,NULL,NULL,NULL,NULL,NULL,'2019-10-07','16:04:00',NULL,'','',68,NULL,'2','                FUNCIONARIO            '),(344,'2','0','2019-10-07','07:08:00',NULL,NULL,NULL,NULL,NULL,NULL,'2019-10-07','17:28:00',NULL,'12:27','13:26',88,NULL,'2','                                                FUNCIONARIO                                    '),(345,'2','0','2019-10-07','07:06:00',NULL,NULL,NULL,NULL,NULL,NULL,'2019-10-07','16:18:00',NULL,'','',100,NULL,'2','                FUNCIONARIO            '),(346,'1',NULL,'2019-10-07','08:41:00',NULL,'CAMINHAO','ERK-2256','JONAS WILLIAN','MG16780867','GIOVANA ANDRADE','2019-10-07','09:16:00',NULL,'','',NULL,NULL,'2','                NF: SNF     - FALAR C/ AGNALDO            '),(347,'2','0','2019-10-07','08:44:00',NULL,NULL,NULL,NULL,NULL,NULL,'2019-10-07','10:40:00',NULL,'','',101,NULL,'2','                FUNCIONARIO            '),(348,'2','0','2019-10-07','10:00:00',NULL,NULL,NULL,NULL,NULL,NULL,'2019-10-07','16:15:00',NULL,'12:18','13:25',43,NULL,'2','                                                FUNCIONARIO                                    '),(349,'2','0','2019-10-07','10:13:00',NULL,NULL,NULL,NULL,NULL,NULL,'2019-10-07','16:49:00',NULL,'','',54,NULL,'2','                FUNCIONARIO            '),(350,'2','0','2019-10-07','11:23:00',NULL,NULL,NULL,NULL,NULL,NULL,'2019-10-07','11:24:00',NULL,'','',79,NULL,'2','                FUNCIONARIO            '),(351,'2','0','2019-10-07','00:08:25',NULL,NULL,NULL,NULL,NULL,NULL,'2019-10-07','08:26:00',NULL,'','',79,NULL,'2','                FUNCIONARIO            '),(352,'2','0','2019-10-07','08:25:00',NULL,NULL,NULL,NULL,NULL,NULL,'2019-10-07','11:51:00',NULL,'11:23','11:51',79,NULL,'2','                                                FUNCIONARIO                                    '),(353,'0',NULL,'2019-10-10','13:36:00','LAGOA',NULL,NULL,NULL,NULL,NULL,'2019-10-10','14:30:00','LAGOA',NULL,NULL,NULL,23,'2',NULL),(354,'0',NULL,'2019-10-10','13:40:00','JOCEMAR',NULL,NULL,NULL,NULL,NULL,'2019-10-10','14:00:00','JOCEMAR','','',NULL,12,'2',''),(355,'0',NULL,'2019-10-10','13:43:00','ADILSON',NULL,NULL,NULL,NULL,NULL,NULL,NULL,NULL,NULL,NULL,NULL,25,'1',NULL),(356,'0',NULL,'2019-10-10','13:48:00','FERNANDO',NULL,NULL,NULL,NULL,NULL,NULL,NULL,NULL,NULL,NULL,NULL,14,'1',NULL),(357,'0',NULL,'2019-10-10','13:51:00','ADILSON',NULL,NULL,NULL,NULL,NULL,NULL,NULL,NULL,NULL,NULL,NULL,13,'1',NULL),(358,'2','0','2019-10-17','06:37:00',NULL,NULL,NULL,NULL,NULL,NULL,'2019-10-17','17:05:00',NULL,'','',49,NULL,'2','FUNCIONARIO'),(359,'2','0','2019-10-17','05:20:00',NULL,NULL,NULL,NULL,NULL,NULL,'2019-10-17','14:30:00',NULL,'','',102,NULL,'2','FUNCIONARIO'),(360,'2','0','2019-10-17','05:45:00',NULL,NULL,NULL,NULL,NULL,NULL,'2019-10-17','06:15:00',NULL,'','',84,NULL,'2','VAN'),(361,'2','0','2019-10-17','05:50:00',NULL,NULL,NULL,NULL,NULL,NULL,'2019-10-17','16:00:00',NULL,'','',103,NULL,'2','FUNCIONARIO'),(362,'2','0','2019-10-17','05:54:00',NULL,NULL,NULL,NULL,NULL,NULL,'2019-10-17','18:00:00',NULL,'','',73,NULL,'2','FUNCIONARIO'),(363,'2','0','2019-10-17','05:55:00',NULL,NULL,NULL,NULL,NULL,NULL,'2019-10-17','14:30:00',NULL,'','',60,NULL,'2','FUNCIONARIO'),(364,'2','0','2019-10-17','05:55:00',NULL,NULL,NULL,NULL,NULL,NULL,'2019-10-17','14:30:00',NULL,'','',63,NULL,'2','FUNCIONARIO'),(365,'2','0','2019-10-17','05:58:00',NULL,NULL,NULL,NULL,NULL,NULL,'2019-10-17','14:30:00',NULL,'','',61,NULL,'2','FUNCIONARIO'),(366,'2','0','2019-10-17','06:10:00',NULL,NULL,NULL,NULL,NULL,NULL,'2019-10-17','17:05:00',NULL,'','',64,NULL,'2','FUNCIONARIO'),(367,'2','0','2019-10-17','06:15:00',NULL,NULL,NULL,NULL,NULL,NULL,'2019-10-17','17:00:00',NULL,'','',76,NULL,'2','FUNCIONARIO'),(368,'2','0','2019-10-17','06:20:00',NULL,NULL,NULL,NULL,NULL,NULL,'2019-10-17','16:50:00',NULL,'','',87,NULL,'2','FUNCIONARIO'),(369,'2','0','2019-10-17','06:20:00',NULL,NULL,NULL,NULL,NULL,NULL,'2019-10-17','17:10:00',NULL,'','',66,NULL,'2','FUNCIONARIO'),(370,'2','0','2019-10-17','06:32:00',NULL,NULL,NULL,NULL,NULL,NULL,'2019-10-17','17:15:00',NULL,'','',67,NULL,'2','FUNCIONARIO'),(371,'0',NULL,'2019-10-17','04:31:00','THIAGO',NULL,NULL,NULL,NULL,NULL,'2019-10-17','06:05:00','THIAGO',NULL,NULL,NULL,13,'2',NULL),(372,'2','0','2019-10-17','06:45:00',NULL,NULL,NULL,NULL,NULL,NULL,'2019-10-17','17:00:00',NULL,'','',71,NULL,'2','FUNCIONARIO'),(373,'1',NULL,'2019-10-17','06:50:00',NULL,'CAMINHAO','DPF4496','JOSE  FELIX','145403257','UNIPAR','2019-10-17','09:05:00',NULL,'','',NULL,NULL,'2','NF:  245064    - FALAR C/ADILSON OK SILVANA'),(374,'1',NULL,'2019-10-17','07:00:00',NULL,'CAMINHAO','CSK0154','FLAVIO','234583034','ENTEC','2019-10-17','09:05:00',NULL,'','',NULL,NULL,'2','NF:42454 FALAR C/ADILSON -OK SILVANA'),(375,'1',NULL,'2019-10-17','08:30:00',NULL,'CAMINHAO','CAMINHAO','FRANCISCO','128986633','RL HIGIENE','2019-10-17','09:08:00',NULL,'','',NULL,NULL,'2','NF: 208320     - FALAR C/ADILSON'),(376,'2','0','2019-10-17','06:45:00',NULL,NULL,NULL,NULL,NULL,NULL,'2019-10-17','17:00:00',NULL,'','',70,NULL,'2','FUNCIONARIO'),(377,'2','0','2019-10-17','06:45:00',NULL,NULL,NULL,NULL,NULL,NULL,'2019-10-17','17:00:00',NULL,'','',72,NULL,'2','FUNCIONARIO'),(378,'2','0','2019-10-17','06:55:00',NULL,NULL,NULL,NULL,NULL,NULL,'2019-10-17','16:00:00',NULL,'','',80,NULL,'2','FUNCIONARIO'),(379,'2','0','2019-10-17','06:55:00',NULL,NULL,NULL,NULL,NULL,NULL,'2019-10-17','17:10:00',NULL,'','',50,NULL,'2','FUNCIONARIO'),(380,'2','0','2019-10-17','06:59:00',NULL,NULL,NULL,NULL,NULL,NULL,'2019-10-17','17:00:00',NULL,'','',75,NULL,'2','FUNCIONARIO'),(381,'2','0','2019-10-17','07:00:00',NULL,NULL,NULL,NULL,NULL,NULL,'2019-10-17','15:15:00',NULL,'','',100,NULL,'2','FUNCIONARIO'),(382,'2','0','2019-10-17','07:09:00',NULL,NULL,NULL,NULL,NULL,NULL,'2019-10-17','17:00:00',NULL,'','',77,NULL,'2','FUNCIONARIO'),(383,'2','0','2019-10-17','07:09:00',NULL,NULL,NULL,NULL,NULL,NULL,'2019-10-17','17:00:00',NULL,'','',45,NULL,'2','FUNCIONARIO'),(384,'2','0','2019-10-17','07:09:00',NULL,NULL,NULL,NULL,NULL,NULL,'2019-10-17','17:00:00',NULL,'','',88,NULL,'2','FUNCIONARIO'),(385,'2','0','2019-10-17','08:08:00',NULL,NULL,NULL,NULL,NULL,NULL,'2019-10-17','15:00:00',NULL,'','',105,NULL,'2','FUNCIONARIO'),(386,'2','0','2019-10-17','08:50:00',NULL,NULL,NULL,NULL,NULL,NULL,NULL,NULL,NULL,NULL,NULL,89,NULL,'1','FUNCIONARIO'),(387,'2','0','2019-10-17','08:55:00',NULL,NULL,NULL,NULL,NULL,NULL,'2019-10-17','16:45:00',NULL,'','',43,NULL,'2','FUNCIONARIO'),(388,'2','0','2019-10-17','08:55:00',NULL,NULL,NULL,NULL,NULL,NULL,'2019-10-17','16:00:00',NULL,'','',81,NULL,'2','FUNCIONARIO'),(389,'1',NULL,'2019-10-17','09:05:00',NULL,'CAMINHAO','NZG8440','JOSE  MARCOS','3590002122','BARRI','2019-10-17','09:40:00',NULL,'','',NULL,NULL,'2','NF:      - FALAR C/ALEMAO'),(390,'1',NULL,'2019-10-17','09:25:00',NULL,'CAMINHAO','ETH7893','DOURIVAL','23982279','GUEDES','2019-10-17','10:20:00',NULL,'','',NULL,NULL,'2','NF:      - FALAR C/ALEMAO'),(391,'1',NULL,'2019-10-17','10:15:00',NULL,'CAMINHAO','EKH8949','SILVIO','54167556','BBC','2019-10-17','11:23:00',NULL,'','',NULL,NULL,'2','NF:44749 FALAR C/ADILSON-OK SILVANA'),(392,'1',NULL,'2019-10-17','11:15:00',NULL,'CAMINHAO','CVP0490','MARIO  APAARECIDO','6821307','IMBRA','2019-10-17','11:35:00',NULL,'','',NULL,NULL,'2','NF:34336 FALAR C/ADILSON-OK SILVANA'),(393,'0',NULL,'2019-10-17','00:17:00','PEDRO ENCARREG',NULL,NULL,NULL,NULL,NULL,'2019-10-17','05:34:00','PEDRO ENCARREG',NULL,NULL,NULL,30,'2',NULL),(394,'1',NULL,'2019-10-17','11:17:00',NULL,'CAMINHAO','FIS7128','JOSE   C  SANTOS','000XXXXX','ESPACIAL','2019-10-17','11:30:00',NULL,'','',NULL,NULL,'2','NF:643688 FALAR C/ADILSON -OK SILVANA'),(395,'1',NULL,'2019-10-17','11:07:00',NULL,'MOTO','GJO1579','MECIAS','33082165','KBNT','2019-10-17','11:20:00',NULL,'','',NULL,NULL,'2','NF:      - FALAR C/ALEMAO'),(396,'2','0','2019-10-17','10:53:00',NULL,NULL,NULL,NULL,NULL,NULL,'2019-10-17','16:45:00',NULL,'12:00','13:20',55,NULL,'2','FUNCIONARIO'),(397,'1',NULL,'2019-10-17','13:00:00',NULL,'CARRO','DIF1731','SOLANGE','258961570','LUARA  CARNEIRO  GOBBO','2019-10-17','13:17:00',NULL,'','',NULL,NULL,'2','NF:      - FALAR C/ALEMAO'),(398,'0',NULL,'2019-10-17','06:00:00','LAGOA',NULL,NULL,NULL,NULL,NULL,NULL,NULL,NULL,NULL,NULL,NULL,22,'1',NULL),(399,'0',NULL,'2019-10-17','06:00:00','LURDES',NULL,NULL,NULL,NULL,NULL,NULL,NULL,NULL,NULL,NULL,NULL,29,'1',NULL),(400,'0',NULL,'2019-10-17','06:10:00','VALDECI',NULL,NULL,NULL,NULL,NULL,NULL,NULL,NULL,NULL,NULL,NULL,30,'1',NULL),(401,'0',NULL,'2019-10-17','07:00:00','DEIVID',NULL,NULL,NULL,NULL,NULL,NULL,NULL,NULL,NULL,NULL,NULL,24,'1',NULL),(402,'2','0','2019-10-17','14:00:00',NULL,NULL,NULL,NULL,NULL,NULL,'2019-10-17','14:35:00',NULL,'','',56,NULL,'2','FUNCIONARIO'),(403,'2','0','2019-10-17','14:10:00',NULL,NULL,NULL,NULL,NULL,NULL,NULL,NULL,NULL,NULL,NULL,57,NULL,'1','FUNCIONARIO'),(404,'2','0','2019-10-17','14:43:00',NULL,NULL,NULL,NULL,NULL,NULL,NULL,NULL,NULL,NULL,NULL,91,NULL,'1','FUNCIONARIO'),(405,'1',NULL,'2019-10-17','14:34:00',NULL,'CAMINHAO','CPH3389','RAFAEL','458620610','HILTON  RUBIO','2019-10-18',NULL,NULL,'','',NULL,NULL,'1','NF:032 FALAR C/ADILSON -OK SILVANA'),(406,'2','0','2019-10-18','05:43:00',NULL,NULL,NULL,NULL,NULL,NULL,'2019-10-18','15:19:00',NULL,'','',110,NULL,'2','FUNCIONARIO'),(407,'0',NULL,'2019-10-17','22:35:00','THIAGO',NULL,NULL,NULL,NULL,NULL,NULL,NULL,NULL,NULL,NULL,NULL,10,'1',NULL),(408,'2','0','2019-10-18','05:48:00',NULL,NULL,NULL,NULL,NULL,NULL,'2019-10-18','15:19:00',NULL,'','',111,NULL,'2','FUNCIONARIO'),(409,'2','0','2019-10-18','05:52:00',NULL,NULL,NULL,NULL,NULL,NULL,'2019-10-18','14:23:00',NULL,'','',61,NULL,'2','FUNCIONARIO'),(410,'2','0','2019-10-18','05:53:00',NULL,NULL,NULL,NULL,NULL,NULL,'2019-10-18','14:25:00',NULL,'','',103,NULL,'2','FUNCIONARIO'),(411,'2','0','2019-10-18','05:45:00',NULL,NULL,NULL,NULL,NULL,NULL,'2019-10-18','05:46:00',NULL,'','',112,NULL,'2','FUNCIONARIO'),(412,'0',NULL,'2019-10-18','05:55:00','LAGOA',NULL,NULL,NULL,NULL,NULL,NULL,NULL,NULL,NULL,NULL,NULL,22,'1',NULL),(413,'0',NULL,'2019-10-18','05:56:00','DEIVID',NULL,NULL,NULL,NULL,NULL,'2019-10-18','16:01:00','DEIVID',NULL,NULL,NULL,24,'2',NULL),(414,'2','0','2019-10-18','06:00:00',NULL,NULL,NULL,NULL,NULL,NULL,'2019-10-18','14:26:00',NULL,'','',60,NULL,'2','FUNCIONARIO'),(415,'2','0','2019-10-18','06:01:00',NULL,NULL,NULL,NULL,NULL,NULL,'2019-10-18','14:26:00',NULL,'','',63,NULL,'2','FUNCIONARIO'),(416,'2','0','2019-10-18','06:01:00',NULL,NULL,NULL,NULL,NULL,NULL,'2019-10-18','06:18:00',NULL,'','',113,NULL,'2','FUNCIONARIO'),(417,'2','0','2019-10-18','06:06:00',NULL,NULL,NULL,NULL,NULL,NULL,'2019-10-18','16:05:00',NULL,'','',64,NULL,'2','FUNCIONARIO'),(418,'2','0','2019-10-18','06:07:00',NULL,NULL,NULL,NULL,NULL,NULL,'2019-10-18','16:09:00',NULL,'','',65,NULL,'2','FUNCIONARIO'),(419,'0',NULL,'2019-10-18','06:08:00','LURDES',NULL,NULL,NULL,NULL,NULL,'2019-10-18','15:54:00','LURDES',NULL,NULL,NULL,29,'2',NULL),(420,'0',NULL,'2019-10-18','06:07:00','VALDECI',NULL,NULL,NULL,NULL,NULL,'2019-10-18','15:59:00','ALEX',NULL,NULL,NULL,30,'2',NULL),(421,'2','0','2019-10-18','06:12:00',NULL,NULL,NULL,NULL,NULL,NULL,'2019-10-18','16:01:00',NULL,'','',76,NULL,'2','FUNCIONARIO'),(422,'2','0','2019-10-18','06:17:00',NULL,NULL,NULL,NULL,NULL,NULL,'2019-10-18','16:11:00',NULL,'','',99,NULL,'2','FUNCIONARIO'),(423,'2','0','2019-10-18','06:18:00',NULL,NULL,NULL,NULL,NULL,NULL,'2019-10-18','09:01:00',NULL,'','',49,NULL,'2','FUNCIONARIO'),(424,'2','0','2019-10-18','06:30:00',NULL,NULL,NULL,NULL,NULL,NULL,'2019-10-18','16:07:00',NULL,'','',67,NULL,'2','FUNCIONARIO'),(425,'2','0','2019-10-18','06:34:00',NULL,NULL,NULL,NULL,NULL,NULL,'2019-10-18','16:01:00',NULL,'','',75,NULL,'2','FUNCIONARIO'),(426,'2','0','2019-10-18','06:37:00',NULL,NULL,NULL,NULL,NULL,NULL,'2019-10-18','16:44:00',NULL,'12:12','12:40',68,NULL,'2','FUNCIONARIO'),(427,'2','0','2019-10-18','06:38:00',NULL,NULL,NULL,NULL,NULL,NULL,'2019-10-18','17:37:00',NULL,'12:46','12:55',85,NULL,'2','FUNCIONARIO'),(428,'2','0','2019-10-18','06:39:00',NULL,NULL,NULL,NULL,NULL,NULL,'2019-10-18','15:29:00',NULL,'','',80,NULL,'2','FUNCIONARIO'),(429,'2','0','2019-10-18','06:43:00',NULL,NULL,NULL,NULL,NULL,NULL,'2019-10-18','16:04:00',NULL,'','',70,NULL,'2','FUNCIONARIO'),(430,'2','0','2019-10-18','06:46:00',NULL,NULL,NULL,NULL,NULL,NULL,'2019-10-18','17:04:00',NULL,'','',73,NULL,'2','FUNCIONARIO'),(431,'2','0','2019-10-18','06:49:00',NULL,NULL,NULL,NULL,NULL,NULL,'2019-10-18','16:01:00',NULL,'12:00','12:49',72,NULL,'2','FUNCIONARIO'),(432,'2','0','2019-10-18','06:52:00',NULL,NULL,NULL,NULL,NULL,NULL,'2019-10-18','16:01:00',NULL,'','',71,NULL,'2','FUNCIONARIO'),(433,'2','0','2019-10-18','06:52:00',NULL,NULL,NULL,NULL,NULL,NULL,'2019-10-18','16:07:00',NULL,'','',100,NULL,'2','FUNCIONARIO'),(434,'2','0','2019-10-18','06:53:00',NULL,NULL,NULL,NULL,NULL,NULL,'2019-10-18','16:01:00',NULL,'','',114,NULL,'2','FUNCIONARIO'),(435,'2','0','2019-10-18','07:06:00',NULL,NULL,NULL,NULL,NULL,NULL,'2019-10-18','16:01:00',NULL,'','',77,NULL,'2','FUNCIONARIO'),(436,'2','0','2019-10-18','07:09:00',NULL,NULL,NULL,NULL,NULL,NULL,'2019-10-18','16:01:00',NULL,'11:25','11:57',45,NULL,'2','FUNCIONARIO'),(437,'2','0','2019-10-18','07:09:00',NULL,NULL,NULL,NULL,NULL,NULL,'2019-10-18','16:19:00',NULL,'12:16','13:07',88,NULL,'2','FUNCIONARIO'),(438,'2','0','2019-10-18','07:16:00',NULL,NULL,NULL,NULL,NULL,NULL,'2019-10-18','16:01:00',NULL,'','',47,NULL,'2','FUNCIONARIO'),(439,'2','0','2019-10-18','07:26:00',NULL,NULL,NULL,NULL,NULL,NULL,'2019-10-18','16:01:00',NULL,'11:44','13:06',87,NULL,'2','FUNCIONARIO'),(440,'0',NULL,'2019-10-18','07:28:00','DJAIR',NULL,NULL,NULL,NULL,NULL,'2019-10-18','08:12:00','DJAIR',NULL,NULL,NULL,25,'2',NULL),(441,'2','0','2019-10-18','07:45:00',NULL,NULL,NULL,NULL,NULL,NULL,'2019-10-18','08:58:00',NULL,'','',105,NULL,'2','FUNCIONARIO'),(442,'0',NULL,'2019-10-18','07:53:00','PAULO H',NULL,NULL,NULL,NULL,NULL,'2019-10-18','16:04:00','CAMILA',NULL,NULL,NULL,14,'2',NULL),(443,'2','0','2019-10-18','09:23:00',NULL,NULL,NULL,NULL,NULL,NULL,'2019-10-18','15:39:00',NULL,'','',81,NULL,'2','FUNCIONARIO'),(444,'2','0','2019-10-18','09:38:00',NULL,NULL,NULL,NULL,NULL,NULL,'2019-10-18','15:45:00',NULL,'12:25','13:07',43,NULL,'2','FUNCIONARIO'),(445,'1',NULL,'2019-10-18','08:54:00',NULL,'CAMINHAO','CSK-0530','ADEMIR BERTOLASSI','13792270','UNIPAR','2019-10-18','09:26:00',NULL,'','',NULL,NULL,'2','NF:0245151 FALAR C/ ADILSON -OK SILVANA'),(446,'1',NULL,'2019-10-18','09:28:00',NULL,'CAMINHAO','DZI-4580','SEVERINO RAMOS','18371626-6','BBA','2019-10-18','10:10:00',NULL,'','',NULL,NULL,'2','NF:SNF      - FALAR C/ ALEMÃO'),(447,'1',NULL,'2019-10-18','09:57:00',NULL,'CARRO','EIW-8346','OSIVALDO SANTOS SILVA','38252953-4','RS SOLDAS','2019-10-18','10:00:00',NULL,'','',NULL,NULL,'2','NF:SNF      - FALAR C/ ALEX'),(448,'2','0','2019-10-18','10:10:00',NULL,NULL,NULL,NULL,NULL,NULL,'2019-10-18','15:30:00',NULL,'','',55,NULL,'2','FUNCIONARIO'),(449,'0',NULL,'2019-10-18','12:54:00','ALEX',NULL,NULL,NULL,NULL,NULL,'2019-10-18','13:49:00','ALEX',NULL,NULL,NULL,11,'2',NULL),(450,'2','0','2019-10-18','13:59:00',NULL,NULL,NULL,NULL,NULL,NULL,NULL,NULL,NULL,NULL,NULL,115,NULL,'1','FUNCIONARIO'),(451,'2','0','2019-10-18','14:04:00',NULL,NULL,NULL,NULL,NULL,NULL,NULL,NULL,NULL,NULL,NULL,108,NULL,'1','FUNCIONARIO'),(452,'2','0','2019-10-18','14:10:00',NULL,NULL,NULL,NULL,NULL,NULL,NULL,NULL,NULL,NULL,NULL,116,NULL,'1','FUNCIONARIO'),(453,'2','0','2019-10-18','14:08:00',NULL,NULL,NULL,NULL,NULL,NULL,NULL,NULL,NULL,NULL,NULL,57,NULL,'1','FUNCIONARIO'),(454,'1',NULL,'2019-10-18','14:11:00',NULL,'CAMINHAO','GGO-4749','ISAAC SOARES','35105561-7','OTIMIZA','2019-10-18','14:23:00',NULL,'','',NULL,NULL,'2','NF:06750 FALAR C/ADILSON OK SILVANA'),(455,'2','0','2019-10-18','14:02:00',NULL,NULL,NULL,NULL,NULL,NULL,NULL,NULL,NULL,NULL,NULL,117,NULL,'1','FUNCIONARIO'),(456,'2','0','2019-10-18','14:27:00',NULL,NULL,NULL,NULL,NULL,NULL,'2019-10-18','14:35:00',NULL,'','',118,NULL,'2','FUNCIONARIO'),(457,'1',NULL,'2019-10-18','15:38:00',NULL,'CAMINHAO','CLJ-1632','ANDRE LUIS DA SILVA','32674048X','TUBOKRAFT','2019-10-18','16:15:00',NULL,'','',NULL,NULL,'2','NF:061383 FALAR C/ADILSON OK SILVANA'),(458,'2','1','2019-10-18','15:50:00',NULL,NULL,'FKD-1924','PEDRO REINALDO','33844753-2','AMELIA WATANABE','2019-10-18','15:55:00',NULL,'','',NULL,NULL,'2','VISITANTE FALAR C/ ALEX'),(459,'0',NULL,'2019-10-18','18:54:00','DUVALINO',NULL,NULL,NULL,NULL,NULL,NULL,NULL,NULL,NULL,NULL,NULL,10,'1',NULL),(460,'2','0','2019-10-18','22:16:00',NULL,NULL,NULL,NULL,NULL,NULL,'2019-10-19','06:12:00',NULL,'','',119,NULL,'2','FUNCIONARIO'),(461,'2','1','2019-10-18','22:30:00',NULL,NULL,'QFN9827','TATIANE','45216789','FSC','2019-10-18','22:49:00',NULL,'','',NULL,NULL,'2','VISITANTE FALAR C/'),(462,'0',NULL,'2019-10-18','22:39:00','THIAGO',NULL,NULL,NULL,NULL,NULL,'2019-10-19','06:07:00','THIAGO',NULL,NULL,NULL,10,'2',NULL),(463,'2','0','2019-10-19','05:30:00',NULL,NULL,NULL,NULL,NULL,NULL,'2019-10-19','14:54:00',NULL,'','',102,NULL,'2','FUNCIONARIO'),(464,'2','0','2019-10-19','05:30:00',NULL,NULL,NULL,NULL,NULL,NULL,'2019-10-19','14:29:00',NULL,'11:46','12:50',62,NULL,'2','FUNCIONARIO'),(465,'2','0','2019-10-19','05:38:00',NULL,NULL,NULL,NULL,NULL,NULL,'2019-10-19','14:38:00',NULL,'','',59,NULL,'2','FUNCIONARIO'),(466,'2','0','2019-10-19','05:54:00',NULL,NULL,NULL,NULL,NULL,NULL,'2019-10-19','14:25:00',NULL,'11:02','11:19',63,NULL,'2','FUNCIONARIO'),(467,'0',NULL,'2019-10-19','05:56:00','LAGOA',NULL,NULL,NULL,NULL,NULL,'2019-10-19','22:47:00',NULL,'','',NULL,22,'2',''),(468,'0',NULL,'2019-10-19','05:56:00','PEDRO',NULL,NULL,NULL,NULL,NULL,'2019-10-19','06:47:00','PEDRO',NULL,NULL,NULL,29,'2',NULL),(469,'2','0','2019-10-19','05:57:00',NULL,NULL,NULL,NULL,NULL,NULL,'2019-10-19','06:19:00',NULL,'','',118,NULL,'2','FUNCIONARIO'),(470,'2','0','2019-10-19','05:58:00',NULL,NULL,NULL,NULL,NULL,NULL,'2019-10-19','14:29:00',NULL,'','',61,NULL,'2','FUNCIONARIO'),(471,'2','0','2019-10-19','05:57:00',NULL,NULL,NULL,NULL,NULL,NULL,'2019-10-19','14:20:00',NULL,'11:47','12:49',60,NULL,'2','FUNCIONARIO'),(472,'2','0','2019-10-19','06:46:00',NULL,NULL,NULL,NULL,NULL,NULL,'2019-10-19','16:12:00',NULL,'','',85,NULL,'2','FUNCIONARIO'),(473,'2','0','2019-10-19','07:57:00',NULL,NULL,NULL,NULL,NULL,NULL,'2019-10-19','14:24:00',NULL,'','',95,NULL,'2','FUNCIONARIO'),(474,'2','0','2019-10-19','08:41:00',NULL,NULL,NULL,NULL,NULL,NULL,'2019-10-19','09:06:00',NULL,'','',124,NULL,'2','FUNCIONARIO'),(475,'0',NULL,'2019-10-19','09:35:00','RUBENS',NULL,NULL,NULL,NULL,NULL,'2019-10-19','13:55:00','RUBENS',NULL,NULL,NULL,25,'2',NULL),(476,'0',NULL,'2019-10-19','09:58:00','ALMIR',NULL,NULL,NULL,NULL,NULL,'2019-10-19','15:54:00','ALMIR',NULL,NULL,NULL,30,'2',NULL),(477,'2','0','2019-10-19','13:53:00',NULL,NULL,NULL,NULL,NULL,NULL,'2019-10-19','14:33:00',NULL,'','',118,NULL,'2','FUNCIONARIO'),(478,'2','0','2019-10-19','14:01:00',NULL,NULL,NULL,NULL,NULL,NULL,'2019-10-19','22:45:00',NULL,'','',125,NULL,'2','FUNCIONARIO'),(479,'2','0','2019-10-19','14:06:00',NULL,NULL,NULL,NULL,NULL,NULL,'2019-10-19','22:47:00',NULL,'','',57,NULL,'2','FUNCIONARIO'),(480,'2','0','2019-10-19','14:07:00',NULL,NULL,NULL,NULL,NULL,NULL,'2019-10-19','22:49:00',NULL,'','',116,NULL,'2','FUNCIONARIO'),(481,'2','0','2019-10-19','14:08:00',NULL,NULL,NULL,NULL,NULL,NULL,'2019-10-19','22:45:00',NULL,'','',126,NULL,'2','FUNCIONARIO'),(482,'2','0','2019-10-19','14:10:00',NULL,NULL,NULL,NULL,NULL,NULL,'2019-10-19','16:10:00',NULL,'','',127,NULL,'2','FUNCIONARIO'),(483,'2','0','2019-10-19','14:11:00',NULL,NULL,NULL,NULL,NULL,NULL,'2019-10-19','14:37:00',NULL,'','',128,NULL,'2','FUNCIONARIO'),(484,'2','0','2019-10-19','14:13:00',NULL,NULL,NULL,NULL,NULL,NULL,'2019-10-19','22:20:00',NULL,'','',129,NULL,'2','VANDER'),(485,'0',NULL,'2019-10-19','14:21:00','EDENILSON',NULL,NULL,NULL,NULL,NULL,'2019-10-19','20:35:00','ednilson','','',NULL,29,'2',''),(486,'0',NULL,'2019-10-19','14:47:00','NILTON MAIA ',NULL,NULL,NULL,NULL,NULL,'2019-10-19','16:08:00','NILTON MAIA',NULL,NULL,NULL,23,'2',NULL),(487,'0',NULL,'2019-10-19','14:47:00','NILTON MAIA',NULL,NULL,NULL,NULL,NULL,'2019-10-19','16:08:00','NILTON MAIA',NULL,NULL,NULL,25,'2',NULL),(488,'0',NULL,'2019-10-19','19:36:00','EDNISON',NULL,NULL,NULL,NULL,NULL,'2019-10-19','20:35:00','ednilson',NULL,NULL,NULL,29,'2',NULL),(489,'0',NULL,'2019-10-19','21:24:00','THIAGO',NULL,NULL,NULL,NULL,NULL,'2019-10-20','08:54:00','THIAGO',NULL,NULL,NULL,10,'2',NULL),(490,'2','0','2019-10-19','21:26:00',NULL,NULL,NULL,NULL,NULL,NULL,NULL,NULL,NULL,NULL,NULL,130,NULL,'1','FUNCIONARIO'),(491,'0',NULL,'2019-10-19','21:55:00','THIAGO',NULL,NULL,NULL,NULL,NULL,'2019-10-20','05:40:00','THIAGO',NULL,NULL,NULL,21,'2',NULL),(492,'0',NULL,'2019-10-19','21:56:00','THIAGO',NULL,NULL,NULL,NULL,NULL,'2019-10-20','05:40:00','THIAGO',NULL,NULL,NULL,23,'2',NULL),(493,'2','0','2019-10-19','21:58:00',NULL,NULL,NULL,NULL,NULL,NULL,NULL,NULL,NULL,NULL,NULL,120,NULL,'1','FUNCIONARIO'),(494,'2','0','2019-10-19','22:03:00',NULL,NULL,NULL,NULL,NULL,NULL,NULL,NULL,NULL,NULL,NULL,121,NULL,'1','FUNCIONARIO'),(495,'2','0','2019-10-19','22:08:00',NULL,NULL,NULL,NULL,NULL,NULL,NULL,NULL,NULL,NULL,NULL,133,NULL,'1','FUNCIONARIO'),(496,'2','0','2019-10-19','22:23:00',NULL,NULL,NULL,NULL,NULL,NULL,'2019-10-19','22:49:00',NULL,'','',84,NULL,'2','FUNCIONARIO'),(497,'2','0','2019-10-19','22:27:00',NULL,NULL,NULL,NULL,NULL,NULL,NULL,NULL,NULL,NULL,NULL,135,NULL,'1','FUNCIONARIO'),(498,'0',NULL,'2019-10-19','23:21:00','jeova',NULL,NULL,NULL,NULL,NULL,'2019-10-20','00:52:00',NULL,'','',NULL,30,'2',''),(499,'0',NULL,'2019-10-20','03:30:00','THIAGO',NULL,NULL,NULL,NULL,NULL,'2019-10-20','05:40:00','THIAGO',NULL,NULL,NULL,25,'2',NULL),(500,'2','0','2019-10-20','05:25:00',NULL,NULL,NULL,NULL,NULL,NULL,'2019-10-20','14:23:00',NULL,'','',136,NULL,'2','FUNCIONARIO'),(501,'2','0','2019-10-20','05:32:00',NULL,NULL,NULL,NULL,NULL,NULL,'2019-10-20','14:25:00',NULL,'','',62,NULL,'2','FUNCIONARIO'),(502,'2','0','2019-10-20','05:39:00',NULL,NULL,NULL,NULL,NULL,NULL,'2019-10-20','05:45:00',NULL,'','',112,NULL,'2','FUNCIONARIO'),(503,'2','0','2019-10-20','05:44:00',NULL,NULL,NULL,NULL,NULL,NULL,'2019-10-20','14:00:00',NULL,'','',65,NULL,'2','FUNCIONARIO'),(504,'2','0','2019-10-20','05:47:00',NULL,NULL,NULL,NULL,NULL,NULL,'2019-10-20','06:10:00',NULL,'','',128,NULL,'2','FUNCIONARIO'),(505,'2','0','2019-10-20','06:00:00',NULL,NULL,NULL,NULL,NULL,NULL,'2019-10-20','14:34:00',NULL,'','',61,NULL,'2','FUNCIONARIO'),(506,'2','0','2019-10-20','06:06:00',NULL,NULL,NULL,NULL,NULL,NULL,'2019-10-20','18:10:00',NULL,'','',85,NULL,'2','FUNCIONARIO'),(507,'2','0','2019-10-20','06:11:00',NULL,NULL,NULL,NULL,NULL,NULL,'2019-10-20','14:25:00',NULL,'','',63,NULL,'2','FUNCIONARIO'),(508,'2','0','2019-10-20','14:00:00',NULL,NULL,NULL,NULL,NULL,NULL,'2019-10-20','23:00:00',NULL,'','',116,NULL,'2','FUNCIONARIO'),(509,'2','0','2019-10-20','14:02:00',NULL,NULL,NULL,NULL,NULL,NULL,'2019-10-20','22:48:00',NULL,'','',125,NULL,'2','FUNCIONARIO'),(510,'2','0','2019-10-20','14:32:00',NULL,NULL,NULL,NULL,NULL,NULL,'2019-10-20','22:41:00',NULL,'','',138,NULL,'2','FUNCIONARIO'),(511,'2','0','2019-10-20','14:25:00',NULL,NULL,NULL,NULL,NULL,NULL,'2019-10-20','14:38:00',NULL,'','',109,NULL,'2','FUNCIONARIO'),(512,'2','0','2019-10-20','15:31:00',NULL,NULL,NULL,NULL,NULL,NULL,'2019-10-20','22:37:00',NULL,'','',57,NULL,'2','FUNCIONARIO'),(513,'0',NULL,'2019-10-20','20:52:00','NILTON MAIA',NULL,NULL,NULL,NULL,NULL,NULL,NULL,NULL,NULL,NULL,NULL,23,'1',NULL),(514,'2','0','2019-10-20','21:46:00',NULL,NULL,NULL,NULL,NULL,NULL,NULL,NULL,NULL,NULL,NULL,130,NULL,'1','FUNCIONARIO'),(515,'2','0','2019-10-20','21:50:00',NULL,NULL,NULL,NULL,NULL,NULL,NULL,NULL,NULL,NULL,NULL,139,NULL,'1','FUNCIONARIO'),(516,'2','0','2019-10-20','21:48:00',NULL,NULL,NULL,NULL,NULL,NULL,'2019-10-20','22:46:00',NULL,'','',140,NULL,'2','FUNCIONARIO'),(517,'0',NULL,'2019-10-20','22:02:00','THIAGO',NULL,NULL,NULL,NULL,NULL,NULL,NULL,NULL,NULL,NULL,NULL,10,'1',NULL),(518,'0',NULL,'2019-10-20','22:02:00','THIAGO',NULL,NULL,NULL,NULL,NULL,NULL,NULL,NULL,NULL,NULL,NULL,25,'1',NULL),(519,'2','0','2019-10-20','22:04:00',NULL,NULL,NULL,NULL,NULL,NULL,NULL,NULL,NULL,NULL,NULL,141,NULL,'1','FUNCIONARIO'),(520,'2','0','2019-10-20','22:21:00',NULL,NULL,NULL,NULL,NULL,NULL,'2019-10-20','22:23:00',NULL,'','',142,NULL,'2','FUNCIONARIO'),(521,'2','0','2019-10-20','22:31:00',NULL,NULL,NULL,NULL,NULL,NULL,NULL,NULL,NULL,NULL,NULL,135,NULL,'1','FUNCIONARIO'),(522,'2','0','2019-10-20','22:38:00',NULL,NULL,NULL,NULL,NULL,NULL,NULL,NULL,NULL,NULL,NULL,119,NULL,'1','FUNCIONARIO'),(523,'2','0','2019-10-21','05:14:00',NULL,NULL,NULL,NULL,NULL,NULL,'2019-10-21','14:30:00',NULL,'','',102,NULL,'2','FUNCIONARIO'),(524,'2','0','2019-10-21','05:41:00',NULL,NULL,NULL,NULL,NULL,NULL,'2019-10-21','15:15:00',NULL,'','',97,NULL,'2','FUNCIONARIO'),(525,'0',NULL,'2019-10-21','05:44:00','ROSIVALDO',NULL,NULL,NULL,NULL,NULL,'2019-10-21','08:00:00',NULL,'','',NULL,4,'2',''),(526,'2','0','2019-10-21','05:59:00',NULL,NULL,NULL,NULL,NULL,NULL,'2019-10-21','14:30:00',NULL,'','',61,NULL,'2','FUNCIONARIO'),(527,'2','0','2019-10-21','06:01:00',NULL,NULL,NULL,NULL,NULL,NULL,'2019-10-21','14:30:00',NULL,'','',103,NULL,'2','FUNCIONARIO'),(528,'2','0','2019-10-21','06:08:00',NULL,NULL,NULL,NULL,NULL,NULL,'2019-10-21','17:03:00',NULL,'','',76,NULL,'2','FUNCIONARIO'),(529,'2','0','2019-10-21','06:13:00',NULL,NULL,NULL,NULL,NULL,NULL,'2019-10-21','16:50:00',NULL,'','',87,NULL,'2','FUNCIONARIO'),(530,'2','0','2019-10-21','06:17:00',NULL,NULL,NULL,NULL,NULL,NULL,'2019-10-21','17:05:00',NULL,'','',49,NULL,'2','FUNCIONARIO'),(532,'2','0','2019-10-21','06:20:00',NULL,NULL,NULL,NULL,NULL,NULL,'2019-10-21','14:30:00',NULL,'','',63,NULL,'2','FUNCIONARIO'),(539,'0',NULL,'2019-10-21','06:00:00','ALEMAO',NULL,NULL,NULL,NULL,NULL,'2019-10-21','16:00:00',NULL,'','',NULL,6,'2',''),(541,'2','0','2019-10-21','06:22:00',NULL,NULL,NULL,NULL,NULL,NULL,'2019-10-21','17:05:00',NULL,'','',67,NULL,'2','FUNCIONARIO'),(542,'2','0','2019-10-21','06:30:00',NULL,NULL,NULL,NULL,NULL,NULL,'2019-10-21','17:10:00',NULL,'','',66,NULL,'2','FUNCIONARIO'),(543,'2','0','2019-10-21','06:44:00',NULL,NULL,NULL,NULL,NULL,NULL,'2019-10-21','17:07:00',NULL,'','',70,NULL,'2','FUNCIONARIO'),(544,'2','0','2019-10-21','06:47:00',NULL,NULL,NULL,NULL,NULL,NULL,'2019-10-21','14:00:00',NULL,'','',72,NULL,'2','FUNCIONARIO'),(545,'2','0','2019-10-21','06:48:00',NULL,NULL,NULL,NULL,NULL,NULL,'2019-10-21','16:10:00',NULL,'','',80,NULL,'2','FUNCIONARIO'),(546,'2','0','2019-10-21','06:53:00',NULL,NULL,NULL,NULL,NULL,NULL,'2019-10-21','17:05:00',NULL,'','',71,NULL,'2','FUNCIONARIO'),(547,'2','0','2019-10-21','06:54:00',NULL,NULL,NULL,NULL,NULL,NULL,'2019-10-21','14:00:00',NULL,'','',79,NULL,'2','FUNCIONARIO'),(548,'2','0','2019-10-21','06:55:00',NULL,NULL,NULL,NULL,NULL,NULL,'2019-10-21','17:05:00',NULL,'','',77,NULL,'2','FUNCIONARIO'),(549,'2','0','2019-10-21','06:58:00',NULL,NULL,NULL,NULL,NULL,NULL,'2019-10-21','17:06:00',NULL,'','',50,NULL,'2','FUNCIONARIO'),(550,'2','0','2019-10-21','07:00:00',NULL,NULL,NULL,NULL,NULL,NULL,'2019-10-21','17:10:00',NULL,'','',45,NULL,'2','FUNCIONARIO'),(551,'2','0','2019-10-21','07:04:00',NULL,NULL,NULL,NULL,NULL,NULL,'2019-10-21','17:25:00',NULL,'','',88,NULL,'2','FUNCIONARIO'),(552,'2','0','2019-10-21','07:04:00',NULL,NULL,NULL,NULL,NULL,NULL,'2019-10-21','17:05:00',NULL,'','',47,NULL,'2','FUNCIONARIO'),(553,'0',NULL,'2019-10-21','06:00:00','ALEMAO',NULL,NULL,NULL,NULL,NULL,'2019-10-21','16:00:00',NULL,'','',NULL,21,'2',''),(554,'1',NULL,'2019-10-21','07:50:00',NULL,'CAMINHAO','ENY5676','CLAUDINEY ANTONIO  CAIM','13251093','VIP','2019-10-21','08:40:00',NULL,'','',NULL,NULL,'2','NF: 447574 FALAR C/ADILSON - OK SILVANA'),(555,'1',NULL,'2019-10-21','08:36:00',NULL,'CAMINHAO','LLU6460','DECIO  NOBRE  FILHO','0000XXXX','GOUD  PAC','2019-10-21','11:50:00',NULL,'','',NULL,NULL,'2','NF:      - FALAR C/'),(556,'1',NULL,'2019-10-21','09:22:00',NULL,'CAMINHAO','CDM9442','GILSON','258137320','RESIPAR','2019-10-21','09:58:00',NULL,'09:58','',NULL,NULL,'2','NF:22118 FALAR C/ADILSON - OK SILVANA NF 22119'),(557,'2','0','2019-10-21','09:30:00',NULL,NULL,NULL,NULL,NULL,NULL,'2019-10-21','14:10:00',NULL,'','',55,NULL,'2','FUNCIONARIO'),(558,'2','0','2019-10-21','09:49:00',NULL,NULL,NULL,NULL,NULL,NULL,'2019-10-21','16:40:00',NULL,'','',81,NULL,'2','FUNCIONARIO'),(559,'1',NULL,'2019-10-21','10:30:00',NULL,'CAMINHAO','ESU4814','VANILTON','38505998','UNIPAR','2019-10-21','12:30:00',NULL,'','',NULL,NULL,'2','NF:      - FALAR C/'),(560,'1',NULL,'2019-10-21','10:39:00',NULL,'CAMINHAO','CTC2795','VAGNER','1650657','RUBIO','2019-10-21','12:20:00',NULL,'','',NULL,NULL,'2','NF:SNF FALAR C/ADILSON - OK SILVANA NF3165'),(561,'1',NULL,'2019-10-21','09:25:00',NULL,'CAMINHAO','FZL6261','ERIVALDO','447804479','FRAGON','2019-10-21','10:45:00',NULL,'','',NULL,NULL,'2','NF:194216 FALAR C/ADILSON - OK SILVANA'),(562,'2','0','2019-10-21','11:25:00',NULL,NULL,NULL,NULL,NULL,NULL,'2019-10-21','14:30:00',NULL,'','',145,NULL,'2','FUNCIONARIO'),(563,'2','0','2019-10-21','11:30:00',NULL,NULL,NULL,NULL,NULL,NULL,'2019-10-21','17:05:00',NULL,'','',75,NULL,'2','FUNCIONARIO'),(564,'1',NULL,'2019-10-21','11:38:00',NULL,'CAMINHAO','CNR7441','LUIS  ROBERTO','220427343','DVP','2019-10-21','12:30:00',NULL,'','',NULL,NULL,'2','NF:81219 FALAR C/ADILSON - OK SILVANA '),(565,'1',NULL,'2019-10-21','11:42:00',NULL,'CAMINHAO','CNR7441','CAMINHAO','220427343','CVP','2019-10-21','12:25:00',NULL,'','',NULL,NULL,'2','NF:      - FALAR C/'),(566,'2','0','2019-10-21','12:45:00',NULL,NULL,NULL,NULL,NULL,NULL,'2019-10-21','20:56:00',NULL,'','',91,NULL,'2','FUNCIONARIO'),(567,'1',NULL,'2019-10-21','13:49:00',NULL,'CAMINHAO','ETH7893','DORIVAL','00000XXXX','BADEIRANTES','2019-10-21','14:05:00',NULL,'','',NULL,NULL,'2','NF:      - FALAR C/'),(568,'1',NULL,'2019-10-21','13:56:00',NULL,'CAMINHAO','CTC2795','HECTOR  RUBIO','434516260','HECTOR  RUBIO','2019-10-21','12:40:00',NULL,'','',NULL,NULL,'2','NF:033 FALAR C/ADILSON OK SILVANA'),(569,'2','0','2019-10-21','14:00:00',NULL,NULL,NULL,NULL,NULL,NULL,'2019-10-21','22:39:00',NULL,'','',57,NULL,'2','FUNCIONARIO'),(570,'2','0','2019-10-21','14:10:00',NULL,NULL,NULL,NULL,NULL,NULL,'2019-10-21','22:47:00',NULL,'','',126,NULL,'2','FUNCIONARIO'),(571,'2','0','2019-10-21','14:20:00',NULL,NULL,NULL,NULL,NULL,NULL,'2019-10-21','22:55:00',NULL,'','',116,NULL,'2','FUNCIONARIO'),(572,'2','0','2019-10-21','14:23:00',NULL,NULL,NULL,NULL,NULL,NULL,'2019-10-21','14:40:00',NULL,'','',146,NULL,'2','FUNCIONARIO'),(573,'0',NULL,'2019-10-21','06:00:00','ALEMAO',NULL,NULL,NULL,NULL,NULL,'2019-10-21','16:00:00',NULL,'','',NULL,25,'2',''),(574,'0',NULL,'2019-10-21','06:00:00','ALEMAO',NULL,NULL,NULL,NULL,NULL,'2019-10-21','16:00:00',NULL,'','',NULL,23,'2',''),(575,'0',NULL,'2019-10-21','15:01:00','0600',NULL,NULL,NULL,NULL,NULL,'2019-10-21','17:00:00',NULL,'','',NULL,29,'2',''),(576,'0',NULL,'2019-10-21','15:06:00','DEIVID',NULL,NULL,NULL,NULL,NULL,'2019-10-21','17:00:00',NULL,'','',NULL,24,'2',''),(577,'0',NULL,'2019-10-21','06:00:00','LAGOA',NULL,NULL,NULL,NULL,NULL,'2019-10-21','14:30:00',NULL,'','',NULL,22,'2',''),(578,'0',NULL,'2019-10-21','06:20:00','VALDECI',NULL,NULL,NULL,NULL,NULL,'2019-10-21','17:00:00',NULL,'','',NULL,30,'2',''),(579,'1',NULL,'2019-10-21','16:34:00',NULL,'CAMINHAO','GRK2256','JONAS  WILIAN','MG16780867','SULPAC','2019-10-21','17:20:00',NULL,'','',NULL,NULL,'2','NF:      - FALAR C/NILTON M'),(580,'1',NULL,'2019-10-21','16:36:00',NULL,'CAMINHAO','GRK2256','JONAS  WILIAN','MG16780867','SULPAC','2019-10-21','17:20:00',NULL,'','',NULL,NULL,'2','NF:      - FALAR C/NILTON  M'),(581,'1',NULL,'2019-10-21','17:32:00',NULL,'CAMINHAO','LXZ9357','DANILO  SANTOS  GARCIA','8040714233','EXPORTAÇAO','2019-10-22','10:15:00',NULL,'','',NULL,NULL,'2','NF:      - FALAR C/NILTON  M'),(582,'0',NULL,'2019-10-21','16:00:00','NILTON  M',NULL,NULL,NULL,NULL,NULL,NULL,NULL,NULL,NULL,NULL,NULL,21,'1',NULL),(583,'0',NULL,'2019-10-21','16:00:00','NILTON  M',NULL,NULL,NULL,NULL,NULL,'2019-10-21','22:40:00','NILTON  M',NULL,NULL,NULL,23,'2',NULL),(584,'0',NULL,'2019-10-21','14:30:00','VASCONCELO',NULL,NULL,NULL,NULL,NULL,'2019-10-21','22:46:00','VASCONCELOS',NULL,NULL,NULL,22,'2',NULL),(585,'0',NULL,'2019-10-21','18:16:00','EDENILSON',NULL,NULL,NULL,NULL,NULL,'2019-10-21','20:42:00','EDENILSON',NULL,NULL,NULL,29,'2',NULL),(586,'0',NULL,'2019-10-21','19:09:00','NILTON MAIA',NULL,NULL,NULL,NULL,NULL,'2019-10-21','19:38:00','NILTON MAIA',NULL,NULL,NULL,30,'2',NULL),(587,'0',NULL,'2019-10-21','20:17:00','EDENILSON',NULL,NULL,NULL,NULL,NULL,'2019-10-21','20:22:00','EDENILSON',NULL,NULL,NULL,30,'2',NULL),(588,'2','0','2019-10-21','21:58:00',NULL,NULL,NULL,NULL,NULL,NULL,NULL,NULL,NULL,NULL,NULL,139,NULL,'1','FUNCIONARIO'),(589,'2','0','2019-10-21','22:07:00',NULL,NULL,NULL,NULL,NULL,NULL,NULL,NULL,NULL,NULL,NULL,119,NULL,'1','FUNCIONARIO'),(590,'2','0','2019-10-21','22:07:00',NULL,NULL,NULL,NULL,NULL,NULL,NULL,NULL,NULL,NULL,NULL,141,NULL,'1','FUNCIONARIO'),(591,'2','0','2019-10-21','22:30:00',NULL,NULL,NULL,NULL,NULL,NULL,'2019-10-21','22:32:00',NULL,'','',142,NULL,'2','FUNCIONARIO'),(592,'0',NULL,'2019-10-21','22:33:00','THIAGO',NULL,NULL,NULL,NULL,NULL,'2019-10-22','06:10:00','THIAGO',NULL,NULL,NULL,10,'2',NULL),(593,'2','0','2019-10-21','22:35:00',NULL,NULL,NULL,NULL,NULL,NULL,'2019-10-21','22:48:00',NULL,'','',118,NULL,'2','FUNCIONARIO'),(594,'0',NULL,'2019-10-21','23:14:00','THIAGO',NULL,NULL,NULL,NULL,NULL,NULL,NULL,NULL,NULL,NULL,NULL,25,'1',NULL),(595,'2','0','2019-10-22','05:15:00',NULL,NULL,NULL,NULL,NULL,NULL,'2019-10-22','14:30:00',NULL,'','',102,NULL,'2','FUNCIONARIO'),(596,'0',NULL,'2019-10-22','05:30:00','ALEMÃO',NULL,NULL,NULL,NULL,NULL,'2019-10-22','06:10:00','THIAGO',NULL,NULL,NULL,21,'2',NULL),(597,'2','0','2019-10-22','05:38:00',NULL,NULL,NULL,NULL,NULL,NULL,'2019-10-22','14:30:00',NULL,'','',59,NULL,'2','FUNCIONARIO'),(598,'2','0','2019-10-22','05:45:00',NULL,NULL,NULL,NULL,NULL,NULL,'2019-10-22','06:17:00',NULL,'','',84,NULL,'2','FUNCIONARIO'),(599,'2','0','2019-10-22','05:54:00',NULL,NULL,NULL,NULL,NULL,NULL,'2019-10-22','14:30:00',NULL,'','',61,NULL,'2','FUNCIONARIO'),(600,'2','0','2019-10-22','05:55:00',NULL,NULL,NULL,NULL,NULL,NULL,'2019-10-22','14:30:00',NULL,'','',103,NULL,'2','FUNCIONARIO'),(601,'2','0','2019-10-22','05:57:00',NULL,NULL,NULL,NULL,NULL,NULL,'2019-10-22','14:30:00',NULL,'','',63,NULL,'2','FUNCIONARIO'),(602,'2','0','2019-10-22','06:07:00',NULL,NULL,NULL,NULL,NULL,NULL,'2019-10-22','16:45:00',NULL,'','',87,NULL,'2','FUNCIONARIO'),(603,'2','0','2019-10-22','06:08:00',NULL,NULL,NULL,NULL,NULL,NULL,'2019-10-22','17:10:00',NULL,'','',66,NULL,'2','FUNCIONARIO'),(604,'2','0','2019-10-22','06:10:00',NULL,NULL,NULL,NULL,NULL,NULL,'2019-10-22','17:03:00',NULL,'','',64,NULL,'2','FUNCIONARIO'),(605,'2','0','2019-10-22','06:15:00',NULL,NULL,NULL,NULL,NULL,NULL,'2019-10-22','17:00:00',NULL,'','',76,NULL,'2','FUNCIONARIO'),(606,'2','0','2019-10-22','06:18:00',NULL,NULL,NULL,NULL,NULL,NULL,'2019-10-22','17:00:00',NULL,'','',49,NULL,'2','FUNCIONARIO'),(607,'2','0','2019-10-22','06:28:00',NULL,NULL,NULL,NULL,NULL,NULL,'2019-10-22','17:10:00',NULL,'','',67,NULL,'2','FUNCIONARIO'),(608,'2','0','2019-10-22','06:32:00',NULL,NULL,NULL,NULL,NULL,NULL,'2019-10-22','17:00:00',NULL,'','',68,NULL,'2','FUNCIONARIO'),(609,'2','0','2019-10-22','06:48:00',NULL,NULL,NULL,NULL,NULL,NULL,'2019-10-22','17:00:00',NULL,'','',71,NULL,'2','FUNCIONARIO'),(610,'2','0','2019-10-22','06:49:00',NULL,NULL,NULL,NULL,NULL,NULL,'2019-10-22','17:05:00',NULL,'','',70,NULL,'2','FUNCIONARIO'),(611,'2','0','2019-10-22','06:50:00',NULL,NULL,NULL,NULL,NULL,NULL,'2019-10-22','17:06:00',NULL,'','',72,NULL,'2','FUNCIONARIO'),(612,'2','0','2019-10-22','06:51:00',NULL,NULL,NULL,NULL,NULL,NULL,'2019-10-22','17:05:00',NULL,'','',50,NULL,'2','FUNCIONARIO'),(613,'2','0','2019-10-22','06:53:00',NULL,NULL,NULL,NULL,NULL,NULL,'2019-10-22','17:00:00',NULL,'','',45,NULL,'2','FUNCIONARIO'),(614,'2','0','2019-10-22','06:59:00',NULL,NULL,NULL,NULL,NULL,NULL,'2019-10-22','16:30:00',NULL,'','',80,NULL,'2','FUNCIONARIO'),(615,'2','0','2019-10-22','07:03:00',NULL,NULL,NULL,NULL,NULL,NULL,'2019-10-22','17:00:00',NULL,'','',75,NULL,'2','FUNCIONARIO'),(616,'2','0','2019-10-22','07:08:00',NULL,NULL,NULL,NULL,NULL,NULL,'2019-10-22','17:00:00',NULL,'','',144,NULL,'2','FUNCIONARIO'),(617,'2','0','2019-10-22','07:12:00',NULL,NULL,NULL,NULL,NULL,NULL,'2019-10-22','17:00:00',NULL,'','',47,NULL,'2','FUNCIONARIO'),(618,'2','0','2019-10-22','07:13:00',NULL,NULL,NULL,NULL,NULL,NULL,'2019-10-22','17:00:00',NULL,'','',88,NULL,'2','FUNCIONARIO'),(619,'2','0','2019-10-22','07:19:00',NULL,NULL,NULL,NULL,NULL,NULL,'2019-10-22','17:00:00',NULL,'','',77,NULL,'2','FUNCIONARIO'),(620,'2','0','2019-10-22','07:20:00',NULL,NULL,NULL,NULL,NULL,NULL,'2019-10-22','17:00:00',NULL,'','',148,NULL,'2','FUNCIONARIO'),(621,'0',NULL,'2019-10-22','06:10:00','THIAGO',NULL,NULL,NULL,NULL,NULL,'2019-10-22','06:10:00','THIAGO',NULL,NULL,NULL,21,'2',NULL),(622,'2','0','2019-10-22','07:20:00',NULL,NULL,NULL,NULL,NULL,NULL,'2019-10-22','14:45:00',NULL,'','',79,NULL,'2','FUNCIONARIO'),(623,'1',NULL,'2019-10-22','08:13:00',NULL,'CARRO','EQL2685','MARIA  DO  CARMO','171203707','EUROGRAF','2019-10-22','08:40:00',NULL,'','',NULL,NULL,'2','NF: 2073/2074 FALAR C/ADILSON- OK SILVANA'),(624,'2','0','2019-10-22','08:30:00',NULL,NULL,NULL,NULL,NULL,NULL,'2019-10-22','20:35:00',NULL,'','',89,NULL,'2','FUNCIONARIO'),(625,'1',NULL,'2019-10-22','08:38:00',NULL,'CAMINHAO','EOE9228','WILIAN','896347','G8  PALETES','2019-10-22','09:05:00',NULL,'','',NULL,NULL,'2','NF:   SNF   - FALAR C/ADILSON'),(626,'1',NULL,'2019-10-22','08:40:00',NULL,'CAMINHAO','DPF4497','FRANCISCO  AFONSO','896347','UNIPAR','2019-10-22','10:13:00',NULL,'','',NULL,NULL,'2','NF: 245362 FALAR C/ADILSON- OK SILVANA'),(627,'1',NULL,'2019-10-22','09:00:00',NULL,'CAMINHAO','AAT3868','MARCOS  ANTONIO  GOMES','24508550','VIP EMBALAGENS','2019-10-22','10:20:00',NULL,'','',NULL,NULL,'2','NF:447895/447896 FALAR C/ADILSON- OK SILVANA'),(628,'2','0','2019-10-22','09:07:00',NULL,NULL,NULL,NULL,NULL,NULL,'2019-10-22','16:50:00',NULL,'','',55,NULL,'2','FUNCIONARIO'),(629,'2','0','2019-10-22','09:26:00',NULL,NULL,NULL,NULL,NULL,NULL,'2019-10-22','15:00:00',NULL,'','',81,NULL,'2','FUNCIONARIO'),(630,'2','0','2019-10-22','09:45:00',NULL,NULL,NULL,NULL,NULL,NULL,'2019-10-22','11:20:00',NULL,'','',149,NULL,'2','FUNCIONARIO'),(631,'1',NULL,'2019-10-22','10:01:00',NULL,'CAMINHAO','CVP7935','EDINALDO  PEREIRA','1416686','BBC','2019-10-22','11:35:00',NULL,'','',NULL,NULL,'2','NF:002 FALAR C/ADILSON - NF CORRETA 44820 OK SILVANA'),(632,'2','0','2019-10-22','10:39:00',NULL,NULL,NULL,NULL,NULL,NULL,'2019-10-22','10:44:00',NULL,'','',150,NULL,'2','FUNCIONARIO'),(633,'2','0','2019-10-22','11:20:00',NULL,NULL,NULL,NULL,NULL,NULL,'2019-10-22','16:40:00',NULL,'','',43,NULL,'2','FUNCIONARIO'),(634,'1',NULL,'2019-10-22','13:26:00',NULL,'CAMINHAO','FQP3673','FABIO','425086586','WV','2019-10-22','13:38:00',NULL,'','',NULL,NULL,'2','NF:6803 FALAR C/ADILSON- OK SILVANA'),(635,'2','0','2019-10-22','13:50:00',NULL,NULL,NULL,NULL,NULL,NULL,'2019-10-22','22:43:00',NULL,'','',115,NULL,'2','FUNCIONARIO'),(636,'2','0','2019-10-22','13:55:00',NULL,NULL,NULL,NULL,NULL,NULL,'2019-10-22','14:30:00',NULL,'','',56,NULL,'2','FUNCIONARIO'),(637,'2','0','2019-10-22','13:57:00',NULL,NULL,NULL,NULL,NULL,NULL,'2019-10-22','22:47:00',NULL,'','',107,NULL,'2','FUNCIONARIO'),(638,'2','0','2019-10-22','13:57:00',NULL,NULL,NULL,NULL,NULL,NULL,'2019-10-22','22:45:00',NULL,'','',57,NULL,'2','FUNCIONARIO'),(639,'2','0','2019-10-22','14:01:00',NULL,NULL,NULL,NULL,NULL,NULL,'2019-10-22','22:48:00',NULL,'','',116,NULL,'2','FUNCIONARIO'),(640,'2','0','2019-10-22','14:14:00',NULL,NULL,NULL,NULL,NULL,NULL,'2019-10-22','22:49:00',NULL,'','',127,NULL,'2','FUNCIONARIO'),(641,'1',NULL,'2019-10-22','15:05:00',NULL,'CAMINHAO','FQB9402','ANDRE  AUGUSTO','29036668','REPLAS','2019-10-22','15:10:00',NULL,'','',NULL,NULL,'2','NF:72672 FALAR C/ADILSON- OK SILVANA'),(642,'1',NULL,'2019-10-22','15:10:00',NULL,'MOTO','FTF9329','VALCIR  SANTOS','23528615','AUSTIM','2019-10-22','15:15:00',NULL,'','',NULL,NULL,'2','NF:3402 FALAR ADILSON- OK SILVANA'),(643,'2','0','2019-10-22','15:00:00',NULL,NULL,NULL,NULL,NULL,NULL,'2019-10-22','21:05:00',NULL,'','',152,NULL,'2','FUNCIONARIO'),(644,'2','0','2019-10-22','16:18:00',NULL,NULL,NULL,NULL,NULL,NULL,'2019-10-22','22:00:00',NULL,'','',91,NULL,'2','FUNCIONARIO'),(645,'2','0','2019-10-22','16:41:00',NULL,NULL,NULL,NULL,NULL,NULL,'2019-10-22','16:52:00',NULL,'','',90,NULL,'2','FUNCIONARIO'),(646,'0',NULL,'2019-10-22','06:00:00','alemao',NULL,NULL,NULL,NULL,NULL,'2019-10-22','16:00:00','ALEMAO',NULL,NULL,NULL,21,'2',NULL),(647,'0',NULL,'2019-10-22','06:00:00','LAGOA',NULL,NULL,NULL,NULL,NULL,'2019-10-22','17:00:00','RUMEU',NULL,NULL,NULL,22,'2',NULL),(648,'0',NULL,'2019-10-22','06:00:00','LURDES',NULL,NULL,NULL,NULL,NULL,'2019-10-22','17:00:00','LURDES',NULL,NULL,NULL,29,'2',NULL),(649,'0',NULL,'2019-10-22','06:20:00','VALDECI',NULL,NULL,NULL,NULL,NULL,'2019-10-22','17:00:00','ALEX',NULL,NULL,NULL,30,'2',NULL),(650,'0',NULL,'2019-10-22','06:10:00','THIAGO',NULL,NULL,NULL,NULL,NULL,'2019-10-22','17:00:00','THIAGO',NULL,NULL,NULL,24,'2',NULL),(651,'0',NULL,'2019-10-22','07:00:00','ROSIVALDO',NULL,NULL,NULL,NULL,NULL,'2019-10-22','08:00:00','ROSIVALDO',NULL,NULL,NULL,4,'2',NULL),(652,'0',NULL,'2019-10-22','18:20:00','EDNILSON',NULL,NULL,NULL,NULL,NULL,'2019-10-22','20:35:00','EDNILSON',NULL,NULL,NULL,29,'2',NULL),(653,'2','0','2019-10-22','18:52:00',NULL,NULL,NULL,NULL,NULL,NULL,NULL,NULL,NULL,NULL,NULL,126,NULL,'1','FUNCIONARIO'),(654,'0',NULL,'2019-10-22','18:53:00','VASCONCELOS',NULL,NULL,NULL,NULL,NULL,'2019-10-22','22:45:00','VASCONCELOS',NULL,NULL,NULL,22,'2',NULL),(655,'0',NULL,'2019-10-22','19:07:00','NILTON MAIA',NULL,NULL,NULL,NULL,NULL,'2019-10-22','22:48:00','NILTONMAIA',NULL,NULL,NULL,25,'2',NULL),(656,'2','0','2019-10-22','22:07:00',NULL,NULL,NULL,NULL,NULL,NULL,NULL,NULL,NULL,NULL,NULL,139,NULL,'1','FUNCIONARIO'),(657,'2','0','2019-10-22','22:10:00',NULL,NULL,NULL,NULL,NULL,NULL,NULL,NULL,NULL,NULL,NULL,141,NULL,'1','FUNCIONARIO'),(658,'2','0','2019-10-22','22:10:00',NULL,NULL,NULL,NULL,NULL,NULL,NULL,NULL,NULL,NULL,NULL,119,NULL,'1','FUNCIONARIO'),(659,'2','0','2019-10-22','22:23:00',NULL,NULL,NULL,NULL,NULL,NULL,'2019-10-22','22:28:00',NULL,'','',142,NULL,'2','FUNCIONARIO'),(660,'2','0','2019-10-22','22:41:00',NULL,NULL,NULL,NULL,NULL,NULL,'2019-10-22','22:49:00',NULL,'','',118,NULL,'2','FUNCIONARIO'),(661,'0',NULL,'2019-10-22','22:47:00','THIAGO',NULL,NULL,NULL,NULL,NULL,NULL,NULL,NULL,NULL,NULL,NULL,10,'1',NULL),(662,'0',NULL,'2019-10-22','22:51:00','THIAGO',NULL,NULL,NULL,NULL,NULL,NULL,NULL,NULL,NULL,NULL,NULL,21,'1',NULL),(663,'0',NULL,'2019-10-22','23:01:00','THIAGO',NULL,NULL,NULL,NULL,NULL,NULL,NULL,NULL,NULL,NULL,NULL,23,'1',NULL),(664,'0',NULL,'2019-10-22','23:01:00','THIAGO',NULL,NULL,NULL,NULL,NULL,NULL,NULL,NULL,NULL,NULL,NULL,30,'1',NULL),(665,'2','0','2019-10-23','05:45:00',NULL,NULL,NULL,NULL,NULL,NULL,'2019-10-23','06:18:00',NULL,'','',84,NULL,'2','FUNCIONARIO'),(666,'2','0','2019-10-23','05:49:00',NULL,NULL,NULL,NULL,NULL,NULL,'2019-10-23','17:05:00',NULL,'','',148,NULL,'2','FUNCIONARIO'),(668,'2','0','2019-10-23','05:57:00',NULL,NULL,NULL,NULL,NULL,NULL,'2019-10-23','14:30:00',NULL,'','',61,NULL,'2','FUNCIONARIO'),(669,'2','0','2019-10-23','05:57:00',NULL,NULL,NULL,NULL,NULL,NULL,'2019-10-23','14:30:00',NULL,'','',60,NULL,'2','FUNCIONARIO'),(670,'2','0','2019-10-23','06:00:00',NULL,NULL,NULL,NULL,NULL,NULL,'2019-10-23','14:30:00',NULL,'','',103,NULL,'2','FUNCIONARIO'),(671,'2','0','2019-10-23','06:00:00',NULL,NULL,NULL,NULL,NULL,NULL,'2019-10-23','14:30:00',NULL,'','',63,NULL,'2','FUNCIONARIO'),(672,'2','0','2019-10-23','06:05:00',NULL,NULL,NULL,NULL,NULL,NULL,'2019-10-23','16:45:00',NULL,'','',87,NULL,'2','FUNCIONARIO'),(673,'2','0','2019-10-23','06:10:00',NULL,NULL,NULL,NULL,NULL,NULL,'2019-10-23','17:00:00',NULL,'','',76,NULL,'2','FUNCIONARIO'),(674,'2','0','2019-10-23','06:15:00',NULL,NULL,NULL,NULL,NULL,NULL,'2019-10-23','16:25:00',NULL,'','',80,NULL,'2','FUNCIONARIO'),(675,'2','0','2019-10-23','06:19:00',NULL,NULL,NULL,NULL,NULL,NULL,'2019-10-23','17:00:00',NULL,'','',64,NULL,'2','FUNCIONARIO'),(676,'2','0','2019-10-23','06:20:00',NULL,NULL,NULL,NULL,NULL,NULL,'2019-10-23','17:05:00',NULL,'','',66,NULL,'2','FUNCIONARIO'),(677,'2','0','2019-10-23','06:21:00',NULL,NULL,NULL,NULL,NULL,NULL,'2019-10-23','17:05:00',NULL,'','',49,NULL,'2','FUNCIONARIO'),(678,'2','0','2019-10-23','06:25:00',NULL,NULL,NULL,NULL,NULL,NULL,'2019-10-23','17:03:00',NULL,'','',68,NULL,'2','FUNCIONARIO'),(679,'2','0','2019-10-23','06:31:00',NULL,NULL,NULL,NULL,NULL,NULL,'2019-10-23','17:10:00',NULL,'','',67,NULL,'2','FUNCIONARIO'),(680,'2','0','2019-10-23','06:00:00',NULL,NULL,NULL,NULL,NULL,NULL,'2019-10-23','14:30:00',NULL,'','',60,NULL,'2','FUNCIONARIO'),(681,'2','0','2019-10-23','06:00:00',NULL,NULL,NULL,NULL,NULL,NULL,'2019-10-23','14:30:00',NULL,'','',153,NULL,'2','FUNCIONARIO'),(682,'2','0','2019-10-23','06:44:00',NULL,NULL,NULL,NULL,NULL,NULL,'2019-10-23','17:05:00',NULL,'','',71,NULL,'2','FUNCIONARIO'),(683,'2','0','2019-10-23','06:44:00',NULL,NULL,NULL,NULL,NULL,NULL,'2019-10-23','17:05:00',NULL,'','',70,NULL,'2','FUNCIONARIO'),(684,'2','0','2019-10-23','06:40:00',NULL,NULL,NULL,NULL,NULL,NULL,'2019-10-23','17:05:00',NULL,'','',69,NULL,'2','FUNCIONARIO'),(685,'2','0','2019-10-23','06:48:00',NULL,NULL,NULL,NULL,NULL,NULL,'2019-10-23','17:05:00',NULL,'','',75,NULL,'2','FUNCIONARIO'),(686,'2','0','2019-10-23','06:50:00',NULL,NULL,NULL,NULL,NULL,NULL,'2019-10-23','17:03:00',NULL,'','',72,NULL,'2','FUNCIONARIO'),(687,'2','0','2019-10-23','06:52:00',NULL,NULL,NULL,NULL,NULL,NULL,'2019-10-23','17:03:00',NULL,'','',144,NULL,'2','FUNCIONARIO'),(688,'2','0','2019-10-23','06:55:00',NULL,NULL,NULL,NULL,NULL,NULL,'2019-10-23','17:10:00',NULL,'','',50,NULL,'2','FUNCIONARIO'),(689,'2','0','2019-10-23','06:56:00',NULL,NULL,NULL,NULL,NULL,NULL,'2019-10-23','17:04:00',NULL,'','',77,NULL,'2','FUNCIONARIO'),(690,'2','0','2019-10-23','06:56:00',NULL,NULL,NULL,NULL,NULL,NULL,'2019-10-23','17:03:00',NULL,'','',47,NULL,'2','FUNCIONARIO'),(691,'2','0','2019-10-23','07:00:00',NULL,NULL,NULL,NULL,NULL,NULL,'2019-10-23','17:04:00',NULL,'','',45,NULL,'2','FUNCIONARIO'),(693,'2','0','2019-10-23','07:23:00',NULL,NULL,NULL,NULL,NULL,NULL,'2019-10-23','17:02:00',NULL,'','',88,NULL,'2','FUNCIONARIO'),(694,'1',NULL,'2019-10-23','07:45:00',NULL,'CAMINHAO','BHI5849','ANTONIO','227204621','TUBOMINAS','2019-10-23','08:50:00',NULL,'','',NULL,NULL,'2','NF:23382 FALAR C/ADILSON- OK SILVANA'),(695,'2','0','2019-10-23','07:40:00',NULL,NULL,NULL,NULL,NULL,NULL,'2019-10-23','15:00:00',NULL,'','',79,NULL,'2','FUNCIONARIO'),(696,'0',NULL,'2019-10-22','06:00:00','ALEMAO',NULL,NULL,NULL,NULL,NULL,NULL,NULL,NULL,NULL,NULL,NULL,21,'1',NULL),(697,'0',NULL,'2019-10-23','06:00:00','ALEMAO',NULL,NULL,NULL,NULL,NULL,'2019-10-23','16:00:00',NULL,'','',NULL,23,'2',''),(698,'0',NULL,'2019-10-23','06:00:00','LAGOA',NULL,NULL,NULL,NULL,NULL,'2019-10-23','14:30:00','LAGOA',NULL,NULL,NULL,22,'2',NULL),(699,'0',NULL,'2019-10-23','06:20:00','VALDECI',NULL,NULL,NULL,NULL,NULL,'2019-10-23','17:00:00','ALEX',NULL,NULL,NULL,30,'2',NULL),(700,'0',NULL,'2019-10-23','06:00:00','LURDES',NULL,NULL,NULL,NULL,NULL,'2019-10-23','17:00:00','LURDES',NULL,NULL,NULL,29,'2',NULL),(701,'0',NULL,'2019-10-23','06:50:00','RIBAMAR',NULL,NULL,NULL,NULL,NULL,'2019-10-23','17:00:00','RIBAMAR',NULL,NULL,NULL,24,'2',NULL),(702,'1',NULL,'2019-10-23','09:22:00',NULL,'CAMINHAO','CLU5743','PASCOAL PADOAN','16518589','LIDER','2019-10-23','11:00:00',NULL,'','',NULL,NULL,'2','NF:      - FALAR C/'),(703,'2','0','2019-10-23','09:27:00',NULL,NULL,NULL,NULL,NULL,NULL,'2019-10-23','15:40:00',NULL,'','',54,NULL,'2','FUNCIONARIO'),(704,'2','0','2019-10-23','09:35:00',NULL,NULL,NULL,NULL,NULL,NULL,'2019-10-23','16:18:00',NULL,'','',55,NULL,'2','FUNCIONARIO'),(705,'2','0','2019-10-23','09:44:00',NULL,NULL,NULL,NULL,NULL,NULL,'2019-10-23','22:15:00',NULL,'','',154,NULL,'2','FUNCIONARIO'),(706,'2','0','2019-10-23','09:45:00',NULL,NULL,NULL,NULL,NULL,NULL,'2019-10-23','15:55:00',NULL,'','',43,NULL,'2','FUNCIONARIO'),(707,'1',NULL,'2019-10-23','10:13:00',NULL,'CAMINHAO','BOX4665','RALF','405371214','PLAST  RIB','2019-10-23','10:45:00',NULL,'','',NULL,NULL,'2','NF:      - FALAR C/'),(708,'1',NULL,'2019-10-23','10:17:00',NULL,'CAMINHAO','CDM9442','GILSON','258137320','RESIPAR','2019-10-23','10:58:00',NULL,'','',NULL,NULL,'2','NF:22133 FALAR C/ADILSON- OK SILVANA NF 22134'),(709,'1',NULL,'2019-10-23','12:58:00',NULL,'CAMINHAO','DPC7212','JOSE  SERGIO BATISTA  DIAS','15154880','MAQ  MIRUNA','2019-10-23','13:18:00',NULL,'','',NULL,NULL,'2','NF:120881 FALAR C/ADILSON- OK SILVANA NF 120882'),(710,'1',NULL,'2019-10-23','13:34:00',NULL,'CAMINHAO','BWI6939','VALMIR  PIRES  DE  ANDRADE','322937619','TUBOKRAFT','2019-10-23','14:38:00',NULL,'','',NULL,NULL,'2','NF:61463 FALAR C/ADILSON- OK SILVANA'),(711,'2','0','2019-10-23','13:53:00',NULL,NULL,NULL,NULL,NULL,NULL,'2019-10-23','14:35:00',NULL,'','',56,NULL,'2','FUNCIONARIO'),(712,'2','0','2019-10-23','13:58:00',NULL,NULL,NULL,NULL,NULL,NULL,'2019-10-23','22:46:00',NULL,'','',147,NULL,'2','FUNCIONARIO'),(713,'2','0','2019-10-23','14:01:00',NULL,NULL,NULL,NULL,NULL,NULL,'2019-10-23','22:24:00',NULL,'','',115,NULL,'2','FUNCIONARIO'),(714,'2','0','2019-10-23','14:04:00',NULL,NULL,NULL,NULL,NULL,NULL,'2019-10-23','22:47:00',NULL,'','',57,NULL,'2','FUNCIONARIO'),(715,'2','0','2019-10-23','14:11:00',NULL,NULL,NULL,NULL,NULL,NULL,'2019-10-23','22:48:00',NULL,'','',116,NULL,'2','FUNCIONARIO'),(716,'2','0','2019-10-23','14:12:00',NULL,NULL,NULL,NULL,NULL,NULL,'2019-10-23','22:47:00',NULL,'','',127,NULL,'2','FUNCIONARIO'),(717,'1',NULL,'2019-10-23','15:30:00',NULL,'CAMINHAO','GGO4749','ISAAC','351055617','ISAAC','2019-10-23','16:19:00',NULL,'','',NULL,NULL,'2','NF:6784 FALAR C/ADILSON- OK SILVANA NF 6785'),(718,'2','0','2019-10-23','15:41:00',NULL,NULL,NULL,NULL,NULL,NULL,'2019-10-23','16:54:00',NULL,'','',156,NULL,'2','FUNCIONARIO'),(719,'0',NULL,'2019-10-23','16:00:00','NILTON  M',NULL,NULL,NULL,NULL,NULL,'2019-10-23','22:45:00','MAIA',NULL,NULL,NULL,21,'2',NULL),(720,'0',NULL,'2019-10-23','16:00:00','NILTON  M',NULL,NULL,NULL,NULL,NULL,'2019-10-23','22:45:00','MAIA',NULL,NULL,NULL,23,'2',NULL),(721,'2','0','2019-10-23','18:37:00',NULL,NULL,NULL,NULL,NULL,NULL,'2019-10-23','22:45:00',NULL,'','',126,NULL,'2','FUNCIONARIO'),(722,'0',NULL,'2019-10-23','18:38:00','EDNILSON',NULL,NULL,NULL,NULL,NULL,'2019-10-23','21:15:00','EDNILSON',NULL,NULL,NULL,29,'2',NULL),(723,'0',NULL,'2019-10-23','18:38:00','VASCONCRELOS',NULL,NULL,NULL,NULL,NULL,'2019-10-23','22:45:00','VASCONCELOS',NULL,NULL,NULL,22,'2',NULL),(724,'0',NULL,'2019-10-23','18:40:00','MAIA',NULL,NULL,NULL,NULL,NULL,'2019-10-23','20:25:00','MILTON CMAIA',NULL,NULL,NULL,25,'2',NULL),(725,'2','0','2019-10-23','22:04:00',NULL,NULL,NULL,NULL,NULL,NULL,'2019-10-24','06:06:00',NULL,'','',139,NULL,'2','FUNCIONARIO'),(726,'2','0','2019-10-23','22:04:00',NULL,NULL,NULL,NULL,NULL,NULL,'2019-10-24','06:06:00',NULL,'','',141,NULL,'2','FUNCIONARIO'),(727,'2','0','2019-10-23','22:15:00',NULL,NULL,NULL,NULL,NULL,NULL,'2019-10-24','06:08:00',NULL,'','',119,NULL,'2','FUNCIONARIO'),(728,'2','0','2019-10-23','22:22:00',NULL,NULL,NULL,NULL,NULL,NULL,'2019-10-23','22:28:00',NULL,'','',142,NULL,'2','FUNCIONARIO'),(729,'0',NULL,'2019-10-23','22:32:00','THIAGO',NULL,NULL,NULL,NULL,NULL,'2019-10-24','06:08:00','THIAGO',NULL,NULL,NULL,10,'2',NULL),(730,'2','0','2019-10-23','22:40:00',NULL,NULL,NULL,NULL,NULL,NULL,'2019-10-23','22:49:00',NULL,'','',118,NULL,'2','FUNCIONARIO'),(731,'0',NULL,'2019-10-23','22:55:00','THIAGO',NULL,NULL,NULL,NULL,NULL,NULL,NULL,NULL,NULL,NULL,NULL,21,'1',NULL),(732,'0',NULL,'2019-10-23','22:56:00','THIAGOO',NULL,NULL,NULL,NULL,NULL,NULL,NULL,NULL,NULL,NULL,NULL,23,'1',NULL),(738,'0',NULL,'2019-10-24','05:55:00','LAGOA',NULL,NULL,NULL,NULL,NULL,'2019-10-24','22:45:00',NULL,'','',NULL,22,'2',''),(740,'2','0','2019-10-24','05:58:00',NULL,NULL,NULL,NULL,NULL,NULL,'2019-10-24','14:22:00',NULL,'','',60,NULL,'2','FUNCIONARIO'),(741,'2','0','2019-10-24','06:04:00',NULL,NULL,NULL,NULL,NULL,NULL,'2019-10-24','14:22:00',NULL,'','',95,NULL,'2','FUNCIONARIO'),(742,'2','0','2019-10-24','06:10:00',NULL,NULL,NULL,NULL,NULL,NULL,'2019-10-24','17:05:00',NULL,'','',64,NULL,'2','FUNCIONARIO'),(743,'0',NULL,'2019-10-24','06:10:00','VALDECI',NULL,NULL,NULL,NULL,NULL,'2019-10-24','16:59:00','ALEX',NULL,NULL,NULL,30,'2',NULL),(744,'2','0','2019-10-24','06:12:00',NULL,NULL,NULL,NULL,NULL,NULL,'2019-10-24','17:02:00',NULL,'','',76,NULL,'2','FUNCIONARIO'),(745,'2','0','2019-10-24','06:12:00',NULL,NULL,NULL,NULL,NULL,NULL,'2019-10-24','16:54:00',NULL,'','',87,NULL,'2','FUNCIONARIO'),(746,'0',NULL,'2019-10-24','06:14:00','LURDES',NULL,NULL,NULL,NULL,NULL,'2019-10-24','16:48:00','LURDES',NULL,NULL,NULL,29,'2',NULL),(747,'2','0','2019-10-24','06:18:00',NULL,NULL,NULL,NULL,NULL,NULL,'2019-10-24','17:08:00',NULL,'','',49,NULL,'2','FUNCIONARIO'),(748,'2','0','2019-10-24','06:19:00',NULL,NULL,NULL,NULL,NULL,NULL,'2019-10-24','17:10:00',NULL,'','',66,NULL,'2','FUNCIONARIO'),(749,'0',NULL,'2019-10-24','06:23:00','DEIVID',NULL,NULL,NULL,NULL,NULL,'2019-10-24','17:00:00','RIBAMAR',NULL,NULL,NULL,24,'2',NULL),(750,'2','0','2019-10-24','06:26:00',NULL,NULL,NULL,NULL,NULL,NULL,'2019-10-24','17:07:00',NULL,'','',67,NULL,'2','FUNCIONARIO'),(751,'2','0','2019-10-24','06:34:00',NULL,NULL,NULL,NULL,NULL,NULL,'2019-10-24','17:34:00',NULL,'','',68,NULL,'2','FUNCIONARIO'),(752,'2','0','2019-10-24','06:34:00',NULL,NULL,NULL,NULL,NULL,NULL,'2019-10-24','17:04:00',NULL,'','',69,NULL,'2','FUNCIONARIO'),(753,'2','0','2019-10-24','06:30:00',NULL,NULL,NULL,NULL,NULL,NULL,'2019-10-24','17:05:00',NULL,'10:59','12:22',157,NULL,'2','FUNCIONARIO'),(754,'2','0','2019-10-24','06:44:00',NULL,NULL,NULL,NULL,NULL,NULL,'2019-10-24','17:01:00',NULL,'','',71,NULL,'2','FUNCIONARIO'),(755,'2','0','2019-10-24','06:54:00',NULL,NULL,NULL,NULL,NULL,NULL,'2019-10-24','17:02:00',NULL,'','',75,NULL,'2','FUNCIONARIO'),(756,'2','0','2019-10-24','06:55:00',NULL,NULL,NULL,NULL,NULL,NULL,'2019-10-24','17:04:00',NULL,'','',72,NULL,'2','FUNCIONARIO'),(757,'2','0','2019-10-24','07:03:00',NULL,NULL,NULL,NULL,NULL,NULL,'2019-10-24','17:06:00',NULL,'','',144,NULL,'2','FUNCIONARIO'),(758,'2','0','2019-10-24','07:05:00',NULL,NULL,NULL,NULL,NULL,NULL,'2019-10-24','17:00:00',NULL,'','',158,NULL,'2','FUNCIONARIO'),(759,'2','0','2019-10-24','07:09:00',NULL,NULL,NULL,NULL,NULL,NULL,'2019-10-24','17:26:00',NULL,'12:10','13:08',88,NULL,'2','FUNCIONARIO'),(760,'2','0','2019-10-24','07:09:00',NULL,NULL,NULL,NULL,NULL,NULL,'2019-10-24','16:01:00',NULL,'','',50,NULL,'2','FUNCIONARIO'),(761,'0',NULL,'2019-10-24','07:10:00','ARAUJO',NULL,NULL,NULL,NULL,NULL,'2019-10-24','16:00:00','ARAUJO',NULL,NULL,NULL,5,'2',NULL),(762,'2','0','2019-10-24','07:14:00',NULL,NULL,NULL,NULL,NULL,NULL,'2019-10-24','11:54:00',NULL,'10:40','11:48',79,NULL,'2','FUNCIONARIO'),(763,'0',NULL,'2019-10-24','07:27:00','PAULO H',NULL,NULL,NULL,NULL,NULL,'2019-10-24','17:03:00','FERNANDO',NULL,NULL,NULL,14,'2',NULL),(764,'2','0','2019-10-24','07:59:00',NULL,NULL,NULL,NULL,NULL,NULL,'2019-10-24','16:23:00',NULL,'','',154,NULL,'2','MOTORISTA ESTEVÃO SAIU COM O VEICULO '),(765,'2','0','2019-10-24','08:39:00',NULL,NULL,NULL,NULL,NULL,NULL,'2019-10-24','14:29:00',NULL,'','',159,NULL,'2','FUNCIONARIO'),(766,'1',NULL,'2019-10-24','08:48:00',NULL,'CARRO','FSF-7960','JOÃO APARECIDO FERREIRA SANTOS','52153823-3','REPAROL','2019-10-24','08:58:00',NULL,'','',NULL,NULL,'2','NF:304917 FALAR C/ ADILSON- OK SILVANA'),(767,'2','0','2019-10-24','08:59:00',NULL,NULL,NULL,NULL,NULL,NULL,'2019-10-24','16:37:00',NULL,'12:12','13:00',43,NULL,'2','FUNCIONARIO'),(768,'2','0','2019-10-24','09:06:00',NULL,NULL,NULL,NULL,NULL,NULL,'2019-10-24','16:36:00',NULL,'09:17','09:41',55,NULL,'2','FUNCIONARIO'),(769,'2','0','2019-10-24','09:15:00',NULL,NULL,NULL,NULL,NULL,NULL,'2019-10-24','16:48:00',NULL,'','',81,NULL,'2','FUNCIONARIO'),(770,'1',NULL,'2019-10-24','09:14:00',NULL,'CAMINHAO','LCF-5691','ARGEU DE CARVALHO PERRUT','0830759521','FRITUBOS','2019-10-24','09:21:00',NULL,'','',NULL,NULL,'2','NF:SNF      - FALAR C/ ALEMÃO'),(771,'0',NULL,'2019-10-24','09:50:00','LAGOA',NULL,NULL,NULL,NULL,NULL,'2019-10-24','10:01:00','LAGOA',NULL,NULL,NULL,26,'2',NULL),(772,'0',NULL,'2019-10-24','09:50:00','LAGOA',NULL,NULL,NULL,NULL,NULL,'2019-10-24','10:24:00','LAGOA',NULL,NULL,NULL,27,'2',NULL),(773,'1',NULL,'2019-10-24','09:51:00',NULL,'CAMINHAO','CVP-0490','ANTONIO BELLOMI','6821307','INBRA','2019-10-24','10:04:00',NULL,'','',NULL,NULL,'2','NF:034612 FALAR C/ADILSON- OK SILVANA'),(774,'1',NULL,'2019-10-24','09:51:00',NULL,'CAMINHAO','FTZ-6298','MOZART GOMES XAVIER','49041229','JR','2019-10-24','12:58:00',NULL,'','',NULL,NULL,'2','NF:03173 FALAR C/ADILSON - DEVOLVEMOS'),(775,'2','1','2019-10-24','09:47:00',NULL,NULL,'QNN-5604','JAIME PEREIRA DE GUSMAO','20659338-7','RL HIGIENE','2019-10-24','11:00:00',NULL,'','',NULL,NULL,'2','VISITANTE FALAR C/ FERNANDO'),(776,'1',NULL,'2019-10-24','10:22:00',NULL,'CAMINHAO','BPE-8675','MARCELO GARINARI NETO','63375675','BAERLOCHER','2019-10-24','10:40:00',NULL,'','',NULL,NULL,'2','NF:099470 FALAR C/ADILSON- OK SILVANA'),(777,'1',NULL,'2019-10-24','11:01:00',NULL,'CAMINHAO','DJC-3936','WAGNER VITORIO','20391229','VIP','2019-10-24','11:23:00',NULL,'','',NULL,NULL,'2','NF:0448216 FALAR C/ADILSON- OK SILVANA'),(778,'0',NULL,'2019-10-24','11:00:00','FERNANDO',NULL,NULL,NULL,NULL,NULL,'2019-10-24','11:12:00','FERNANDO',NULL,NULL,NULL,11,'2',NULL),(779,'1',NULL,'2019-10-24','11:10:00',NULL,'CAMINHAO','PVI-0852','WELLINGTON ESIO ALVES','49338412','STAR PACK','2019-10-24','11:47:00',NULL,'','',NULL,NULL,'2','NF:021814      - FALAR C/ ADILSON'),(780,'2','0','2019-10-24','12:12:00',NULL,NULL,NULL,NULL,NULL,NULL,'2019-10-24','22:10:00',NULL,'','',91,NULL,'2','FUNCIONARIO'),(781,'2','1','2019-10-24','13:03:00',NULL,NULL,'FMJ-6203','VICENTE MAURICIO','48925200X','VEMAX','2019-10-24','13:42:00',NULL,'','',NULL,NULL,'2','VISITANTE FALAR C/ NEWTON'),(782,'2','0','2019-10-24','13:39:00',NULL,NULL,NULL,NULL,NULL,NULL,'2019-10-24','22:47:00',NULL,'','',115,NULL,'2','FUNCIONARIO'),(783,'2','0','2019-10-24','13:51:00',NULL,NULL,NULL,NULL,NULL,NULL,'2019-10-24','22:47:00',NULL,'','',147,NULL,'2','FUNCIONARIO'),(784,'2','0','2019-10-24','13:53:00',NULL,NULL,NULL,NULL,NULL,NULL,'2019-10-24','13:54:00',NULL,'','',84,NULL,'2','FUNCIONARIO'),(785,'2','0','2019-10-24','12:15:00',NULL,NULL,NULL,NULL,NULL,NULL,'2019-10-24','14:34:00',NULL,'14:34','',79,NULL,'2','FUNCIONARIO'),(786,'2','0','2019-10-24','14:03:00',NULL,NULL,NULL,NULL,NULL,NULL,'2019-10-24','22:48:00',NULL,'','',57,NULL,'2','FUNCIONARIO'),(787,'2','0','2019-10-24','14:29:00',NULL,NULL,NULL,NULL,NULL,NULL,'2019-10-24','14:32:00',NULL,'','',118,NULL,'2','FUNCIONARIO'),(788,'2','0','2019-10-24','14:30:00',NULL,NULL,NULL,NULL,NULL,NULL,'2019-10-24','22:45:00',NULL,'','',126,NULL,'2','FUNCIONARIO'),(789,'2','0','2019-10-24','14:22:00',NULL,NULL,NULL,NULL,NULL,NULL,'2019-10-24','22:17:00',NULL,'','',129,NULL,'2','FUNCIONARIO'),(790,'2','0','2019-10-24','14:51:00',NULL,NULL,NULL,NULL,NULL,NULL,'2019-10-24','21:00:00',NULL,'','',152,NULL,'2','FUNCIONARIO'),(791,'2','0','2019-10-24','15:26:00',NULL,NULL,NULL,NULL,NULL,NULL,'2019-10-24','22:47:00',NULL,'','',116,NULL,'2','FUNCIONARIO'),(792,'1',NULL,'2019-10-24','15:26:00',NULL,'CAMINHAO','EOE-1875','ANDREY BERNADINO DE CAMPOS','48940849','PLUMA','2019-10-24','15:38:00',NULL,'','',NULL,NULL,'2','NF:SNF      - FALAR C/ ALEMÃO'),(793,'1',NULL,'2019-10-24','15:45:00',NULL,'CAMINHAO','EFO-8678','ADRIANO DE ASSIS TEDESHE','16107440','GLYCERO','2019-10-24','17:24:00',NULL,'','',NULL,NULL,'2','NF:05582 FALAR C/ADILSON- OK SILVANA'),(794,'2','0','2019-10-24','15:50:00',NULL,NULL,NULL,NULL,NULL,NULL,'2019-10-24','20:55:00',NULL,'','',89,NULL,'2','FUNCIONARIO (MOTORISTA ESTEVÃO)'),(795,'2','0','2019-10-24','22:06:00',NULL,NULL,NULL,NULL,NULL,NULL,'2019-10-25','06:09:00',NULL,'','',139,NULL,'2','FUNCIONARIO'),(796,'2','0','2019-10-24','22:06:00',NULL,NULL,NULL,NULL,NULL,NULL,'2019-10-25','06:05:00',NULL,'','',141,NULL,'2','FUNCIONARIO'),(797,'2','0','2019-10-24','22:21:00',NULL,NULL,NULL,NULL,NULL,NULL,'2019-10-25','06:07:00',NULL,'','',119,NULL,'2','FUNCIONARIO'),(798,'2','0','2019-10-24','22:31:00',NULL,NULL,NULL,NULL,NULL,NULL,'2019-10-24','22:34:00',NULL,'','',142,NULL,'2','FUNCIONARIO'),(799,'2','0','2019-10-24','22:34:00',NULL,NULL,NULL,NULL,NULL,NULL,'2019-10-24','22:47:00',NULL,'','',118,NULL,'2','FUNCIONARIO'),(800,'0',NULL,'2019-10-24','22:48:00','THIAGO',NULL,NULL,NULL,NULL,NULL,'2019-10-25','06:09:00','THIAGO',NULL,NULL,NULL,10,'2',NULL),(801,'0',NULL,'2019-10-24','22:48:00','THIAGO',NULL,NULL,NULL,NULL,NULL,NULL,NULL,NULL,NULL,NULL,NULL,23,'1',NULL),(802,'0',NULL,'2019-10-24','22:49:00','THIAGO',NULL,NULL,NULL,NULL,NULL,NULL,NULL,NULL,NULL,NULL,NULL,21,'1',NULL),(803,'0',NULL,'2019-10-24','23:56:00','THIAGO',NULL,NULL,NULL,NULL,NULL,'2019-10-25','06:09:00',NULL,'','',NULL,25,'2',''),(804,'2','0','2019-10-25','05:16:00',NULL,NULL,NULL,NULL,NULL,NULL,'2019-10-25','14:31:00',NULL,'12:01','12:16',102,NULL,'2','FUNCIONARIO'),(805,'2','0','2019-10-25','05:32:00',NULL,NULL,NULL,NULL,NULL,NULL,'2019-10-25','14:26:00',NULL,'','',62,NULL,'2','FUNCIONARIO'),(806,'2','0','2019-10-25','05:34:00',NULL,NULL,NULL,NULL,NULL,NULL,'2019-10-25','15:16:00',NULL,'','',110,NULL,'2','FUNCIONARIO'),(807,'2','0','2019-10-25','05:38:00',NULL,NULL,NULL,NULL,NULL,NULL,'2019-10-25','05:57:00',NULL,'','',146,NULL,'2','FUNCIONARIO'),(808,'2','0','2019-10-25','05:56:00',NULL,NULL,NULL,NULL,NULL,NULL,'2019-10-25','14:25:00',NULL,'','',103,NULL,'2','FUNCIONARIO'),(809,'2','0','2019-10-25','06:01:00',NULL,NULL,NULL,NULL,NULL,NULL,'2019-10-25','11:11:00',NULL,'','',63,NULL,'2','FUNCIONARIO'),(810,'2','0','2019-10-25','06:04:00',NULL,NULL,NULL,NULL,NULL,NULL,'2019-10-25','06:17:00',NULL,'','',113,NULL,'2','FUNCIONARIO'),(811,'2','0','2019-10-25','06:07:00',NULL,NULL,NULL,NULL,NULL,NULL,'2019-10-25','16:06:00',NULL,'','',64,NULL,'2','FUNCIONARIO'),(812,'0',NULL,'2019-10-25','06:10:00','VALDECI',NULL,NULL,NULL,NULL,NULL,'2019-10-25','15:59:00','ALEX',NULL,NULL,NULL,30,'2',NULL),(813,'2','0','2019-10-25','06:07:00',NULL,NULL,NULL,NULL,NULL,NULL,'2019-10-25','16:13:00',NULL,'','',65,NULL,'2','FUNCIONARIO'),(814,'0',NULL,'2019-10-25','06:13:00','LURDES',NULL,NULL,NULL,NULL,NULL,'2019-10-25','15:26:00','LURDES',NULL,NULL,NULL,29,'2',NULL),(815,'2','0','2019-10-25','06:16:00',NULL,NULL,NULL,NULL,NULL,NULL,'2019-10-25','14:29:00',NULL,'','',60,NULL,'2','FUNCIONARIO'),(816,'2','0','2019-10-25','06:18:00',NULL,NULL,NULL,NULL,NULL,NULL,'2019-10-25','16:09:00',NULL,'','',66,NULL,'2','FUNCIONARIO'),(817,'2','0','2019-10-25','06:18:00',NULL,NULL,NULL,NULL,NULL,NULL,'2019-10-25','16:15:00',NULL,'','',49,NULL,'2','FUNCIONARIO'),(818,'2','0','2019-10-25','06:31:00',NULL,NULL,NULL,NULL,NULL,NULL,'2019-10-25','12:54:00',NULL,'','',67,NULL,'2','FUNCIONARIO'),(819,'2','0','2019-10-25','06:36:00',NULL,NULL,NULL,NULL,NULL,NULL,'2019-10-25','16:01:00',NULL,'','',75,NULL,'2','FUNCIONARIO'),(820,'2','0','2019-10-25','06:37:00',NULL,NULL,NULL,NULL,NULL,NULL,'2019-10-25','16:03:00',NULL,'','',69,NULL,'2','FUNCIONARIO'),(821,'2','0','2019-10-25','06:37:00',NULL,NULL,NULL,NULL,NULL,NULL,'2019-10-25','16:08:00',NULL,'','',157,NULL,'2','FUNCIONARIO'),(822,'2','0','2019-10-25','06:52:00',NULL,NULL,NULL,NULL,NULL,NULL,'2019-10-25','16:06:00',NULL,'','',72,NULL,'2','FUNCIONARIO'),(823,'2','0','2019-10-25','06:53:00',NULL,NULL,NULL,NULL,NULL,NULL,'2019-10-25','16:00:00',NULL,'','',71,NULL,'2','FUNCIONARIO'),(824,'2','0','2019-10-25','06:54:00',NULL,NULL,NULL,NULL,NULL,NULL,'2019-10-25','16:01:00',NULL,'','',114,NULL,'2','FUNCIONARIO'),(825,'2','0','2019-10-25','06:46:00',NULL,NULL,NULL,NULL,NULL,NULL,'2019-10-25','16:00:00',NULL,'','',76,NULL,'2','FUNCIONARIO'),(826,'2','0','2019-10-25','06:56:00',NULL,NULL,NULL,NULL,NULL,NULL,'2019-10-25','16:19:00',NULL,'','',144,NULL,'2','FUNCIONARIO'),(827,'2','0','2019-10-25','06:56:00',NULL,NULL,NULL,NULL,NULL,NULL,'2019-10-25','16:16:00',NULL,'','',50,NULL,'2','FUNCIONARIO'),(828,'2','0','2019-10-25','07:04:00',NULL,NULL,NULL,NULL,NULL,NULL,'2019-10-25','16:01:00',NULL,'12:05','12:39',68,NULL,'2','FUNCIONARIO'),(829,'2','0','2019-10-25','07:08:00',NULL,NULL,NULL,NULL,NULL,NULL,'2019-10-25','16:08:00',NULL,'12:11','13:07',88,NULL,'2','FUNCIONARIO'),(830,'2','0','2019-10-25','07:09:00',NULL,NULL,NULL,NULL,NULL,NULL,'2019-10-25','16:09:00',NULL,'','',45,NULL,'2','FUNCIONARIO'),(831,'2','0','2019-10-25','07:26:00',NULL,NULL,NULL,NULL,NULL,NULL,'2019-10-25','15:55:00',NULL,'','',77,NULL,'2','FUNCIONARIO'),(832,'2','0','2019-10-25','07:29:00',NULL,NULL,NULL,NULL,NULL,NULL,'2019-10-25','17:00:00',NULL,'','',80,NULL,'2','FUNCIONARIO'),(833,'1',NULL,'2019-10-25','07:33:00',NULL,'CAMINHAO','ETH-7893','DORIVAL DONIZZETI','23982279-1','AGREGADO','2019-10-25','08:48:00',NULL,'','',NULL,NULL,'2','NF:SNF      - FALAR C/ ALEMÃO'),(834,'2','0','2019-10-25','08:38:00',NULL,NULL,NULL,NULL,NULL,NULL,'2019-10-25','16:05:00',NULL,'','',87,NULL,'2','FUNCIONARIO'),(835,'2','1','2019-10-25','08:38:00',NULL,NULL,'EQL-7893','MARIA DO CARMO','17120370-7','EURO GRAF','2019-10-25','08:55:00',NULL,'','',NULL,NULL,'2','VISITANTE FALAR C/ SILVANA'),(836,'2','0','2019-10-25','08:48:00',NULL,NULL,NULL,NULL,NULL,NULL,'2019-10-25','15:56:00',NULL,'','',89,NULL,'2','FUNCIONARIO'),(837,'2','0','2019-10-25','09:08:00',NULL,NULL,NULL,NULL,NULL,NULL,'2019-10-25','15:34:00',NULL,'','',81,NULL,'2','FUNCIONARIO'),(838,'2','0','2019-10-25','09:16:00',NULL,NULL,NULL,NULL,NULL,NULL,'2019-10-25','13:56:00',NULL,'12:12','13:17',43,NULL,'2','FUNCIONARIO'),(839,'1',NULL,'2019-10-25','09:27:00',NULL,'CAMINHAO','CDM-9442','GILSON FERREIRA','25813732-0','RESYPAR','2019-10-25','09:39:00',NULL,'','',NULL,NULL,'2','NF:022137/022138 FALAR C/ ADILSON- OK SILVANA'),(840,'2','0','2019-10-25','09:44:00',NULL,NULL,NULL,NULL,NULL,NULL,'2019-10-25','14:13:00',NULL,'','',55,NULL,'2','FUNCIONARIO'),(841,'1',NULL,'2019-10-25','10:05:00',NULL,'CAMINHAO','GBJ-1533','JOSELIO BEZERRA DASILVA','32851141','REPZAS','2019-10-25','11:32:00',NULL,'','',NULL,NULL,'2','NF: 072958     - FALAR C/ ADILSON'),(842,'1',NULL,'2019-10-25','10:19:00',NULL,'CAMINHAO','EOE-9228','DANIEL SANTOS','34731518','G8 PALETES','2019-10-25','10:41:00',NULL,'','',NULL,NULL,'2','NF:SNF FALAR C/ ADILSON- OK SILVANA'),(843,'2','0','2019-10-25','11:00:00',NULL,NULL,NULL,NULL,NULL,NULL,'2019-10-25','11:01:00',NULL,'','',156,NULL,'2','FUNCIONARIO'),(844,'2','1','2019-10-25','11:00:00',NULL,NULL,'PYR-5497','CAIO LAGO','44224135-5','RL HIGIENE','2019-10-25','12:44:00',NULL,'','',NULL,NULL,'2','VISITANTE FALAR C/ FERNANDO'),(845,'1',NULL,'2019-10-25','11:09:00',NULL,'CAMINHAO','DKX-3521','ANDRE NASCIMENTO','42638679-6','PANTHER','2019-10-25','11:32:00',NULL,'','',NULL,NULL,'2','NF:025494 FALAR C/ADILSON- OK SILVANA'),(846,'0',NULL,'2019-10-25','11:20:00','LAGOA',NULL,NULL,NULL,NULL,NULL,'2019-10-25','13:15:00','LAGOA',NULL,NULL,NULL,26,'2',NULL),(847,'0',NULL,'2019-10-25','11:20:00','LAGOA',NULL,NULL,NULL,NULL,NULL,'2019-10-25','13:15:00','LAGOA',NULL,NULL,NULL,27,'2',NULL),(848,'2','0','2019-10-25','11:40:00',NULL,NULL,NULL,NULL,NULL,NULL,'2019-10-25','14:58:00',NULL,'','',160,NULL,'2','FUNCIONARIO'),(849,'2','0','2019-10-25','13:41:00',NULL,NULL,NULL,NULL,NULL,NULL,'2019-10-25','22:47:00',NULL,'','',115,NULL,'2','FUNCIONARIO'),(850,'1',NULL,'2019-10-25','13:36:00',NULL,'CARRO','EIW-8394','ROSEVALDO SANTOS SILVA','382529534','RS SOLDAS','2019-10-25','13:46:00',NULL,'','',NULL,NULL,'2','NF: SNF   - FALAR C/ADILSON'),(851,'2','1','2019-10-25','13:46:00',NULL,NULL,'EIW-8346','ROSIVALDO SANTOS SILVA','38252953-4','RS SOLDAS','2019-10-25','13:51:00',NULL,'','',NULL,NULL,'2','VISITANTE FALAR C/ NEWTON'),(852,'2','0','2019-10-25','13:51:00',NULL,NULL,NULL,NULL,NULL,NULL,'2019-10-25','22:43:00',NULL,'','',147,NULL,'2','FUNCIONARIO'),(853,'2','0','2019-10-25','14:05:00',NULL,NULL,NULL,NULL,NULL,NULL,'2019-10-25','22:47:00',NULL,'','',57,NULL,'2','FUNCIONARIO'),(854,'2','0','2019-10-25','14:07:00',NULL,NULL,NULL,NULL,NULL,NULL,'2019-10-25','22:46:00',NULL,'','',126,NULL,'2','FUNCIONARIO'),(855,'2','0','2019-10-25','14:10:00',NULL,NULL,NULL,NULL,NULL,NULL,'2019-10-25','22:49:00',NULL,'','',116,NULL,'2','FUNCIONARIO'),(856,'2','0','2019-10-25','14:27:00',NULL,NULL,NULL,NULL,NULL,NULL,'2019-10-25','14:35:00',NULL,'','',118,NULL,'2','FUNCIONARIO'),(857,'2','0','2019-10-25','14:49:00',NULL,NULL,NULL,NULL,NULL,NULL,'2019-10-25','14:50:00',NULL,'','',142,NULL,'2','FUNCIONARIO'),(858,'2','0','2019-10-25','14:51:00',NULL,NULL,NULL,NULL,NULL,NULL,'2019-10-25','21:00:00',NULL,'','',152,NULL,'2','FUNCIONARIO'),(859,'1',NULL,'2019-10-25','14:51:00',NULL,'CAMINHAO','MGR','PAULO FRANCISCO DA SILVA','11886279','ESDEVA','2019-10-25','15:20:00',NULL,'','',NULL,NULL,'2','NF:SNF      - FALAR C/ ALEMÃO'),(860,'2','0','2019-10-25','15:16:00',NULL,NULL,NULL,NULL,NULL,NULL,'2019-10-25','17:00:00',NULL,'','',110,NULL,'2','FUNCIONARIO'),(861,'1',NULL,'2019-10-25','15:48:00',NULL,'CAMINHAO','LZH-6678','VILSON GLASSE','2718590','DENARD','2019-10-25','15:59:00',NULL,'','',NULL,NULL,'2','NF:SNF      - FALAR C/ NILTON MAIA'),(862,'1',NULL,'2019-10-25','15:55:00',NULL,'CAMINHAO','FAS-4393','EVERTON LUIS','41038447','SANTA CONSTÂNCIA ','2019-10-25','16:00:00',NULL,'','',NULL,NULL,'2','NF:SNF      - FALAR C/ NILTON MAIA'),(863,'2','0','2019-10-25','16:45:00',NULL,NULL,NULL,NULL,NULL,NULL,'2019-10-25','16:45:00',NULL,'','',80,NULL,'2','FUNCIONARIO'),(864,'1',NULL,'2019-10-25','17:55:00',NULL,'CARRO','CED-9001','AUSITIS','182862796','ROBERTOS DO SANTOS','2019-10-25','18:10:00',NULL,'','',NULL,NULL,'2','NF: SNF   - FALAR C/ ALEMAO '),(865,'0',NULL,'2019-10-25','18:29:00','EDNILSON',NULL,NULL,NULL,NULL,NULL,'2019-10-25','20:37:00','EDNILSON',NULL,NULL,NULL,29,'2',NULL),(866,'2','0','2019-10-25','22:02:00',NULL,NULL,NULL,NULL,NULL,NULL,NULL,NULL,NULL,NULL,NULL,139,NULL,'1','FUNCIONARIO'),(867,'2','0','2019-10-25','22:03:00',NULL,NULL,NULL,NULL,NULL,NULL,NULL,NULL,NULL,NULL,NULL,121,NULL,'1','FUNCIONARIO'),(868,'2','0','2019-10-25','22:16:00',NULL,NULL,NULL,NULL,NULL,NULL,NULL,NULL,NULL,NULL,NULL,119,NULL,'1','FUNCIONARIO'),(869,'2','0','2019-10-25','22:28:00',NULL,NULL,NULL,NULL,NULL,NULL,'2019-10-25','22:35:00',NULL,'','',142,NULL,'2','FUNCIONARIO'),(870,'2','0','2019-10-25','22:29:00',NULL,NULL,NULL,NULL,NULL,NULL,'2019-10-25','22:49:00',NULL,'','',134,NULL,'2','FUNCIONARIO'),(871,'0',NULL,'2019-10-25','22:32:00','THIAGO',NULL,NULL,NULL,NULL,NULL,NULL,NULL,NULL,NULL,NULL,NULL,10,'1',NULL),(872,'0',NULL,'2019-10-25','22:44:00','2241',NULL,NULL,NULL,NULL,NULL,'2019-10-25','22:47:00','THIAGO',NULL,NULL,NULL,25,'2',NULL),(873,'0',NULL,'2019-10-25','22:45:00','2241',NULL,NULL,NULL,NULL,NULL,'2019-10-25','22:45:00','THIAGO',NULL,NULL,NULL,20,'2',NULL),(874,'0',NULL,'2019-10-25','22:45:00','THIAGO',NULL,NULL,NULL,NULL,NULL,NULL,NULL,NULL,NULL,NULL,NULL,23,'1',NULL),(875,'0',NULL,'2019-10-25','22:47:00','THIAGO',NULL,NULL,NULL,NULL,NULL,NULL,NULL,NULL,NULL,NULL,NULL,21,'1',NULL),(876,'0',NULL,'2019-10-25','22:49:00','THIAGO',NULL,NULL,NULL,NULL,NULL,'2019-10-25','22:49:00','THIAGO',NULL,NULL,NULL,21,'2',NULL),(877,'0',NULL,'2019-10-25','22:50:00','THIAGO',NULL,NULL,NULL,NULL,NULL,NULL,NULL,NULL,NULL,NULL,NULL,25,'1',NULL),(878,'2','0','2019-10-26','05:17:00',NULL,NULL,NULL,NULL,NULL,NULL,'2019-10-26','14:50:00',NULL,'','',102,NULL,'2','FUNCIONARIO'),(879,'2','0','2019-10-26','05:36:00',NULL,NULL,NULL,NULL,NULL,NULL,'2019-10-26','14:30:00',NULL,'','',62,NULL,'2','FUNCIONARIO'),(880,'0',NULL,'2019-10-26','05:38:00','PEDRO',NULL,NULL,NULL,NULL,NULL,'2019-10-26','20:31:00','EDENILSON',NULL,NULL,NULL,29,'2',NULL),(881,'2','0','2019-10-26','05:40:00',NULL,NULL,NULL,NULL,NULL,NULL,'2019-10-26','14:30:00',NULL,'','',63,NULL,'2','FUNCIONARIO'),(882,'2','0','2019-10-26','05:41:00',NULL,NULL,NULL,NULL,NULL,NULL,'2019-10-26','14:30:00',NULL,'','',111,NULL,'2','FUNCIONARIO'),(883,'2','0','2019-10-26','05:45:00',NULL,NULL,NULL,NULL,NULL,NULL,'2019-10-26','06:00:00',NULL,'','',146,NULL,'2','FUNCIONARIO'),(884,'2','0','2019-10-26','05:50:00',NULL,NULL,NULL,NULL,NULL,NULL,'2019-10-26','14:30:00',NULL,'','',61,NULL,'2','FUNCIONARIO'),(885,'2','0','2019-10-26','06:09:00',NULL,NULL,NULL,NULL,NULL,NULL,'2019-10-26','06:20:00',NULL,'','',118,NULL,'2','FUNCIONARIO'),(886,'2','0','2019-10-26','13:46:00',NULL,NULL,NULL,NULL,NULL,NULL,'2019-10-26','14:40:00',NULL,'','',137,NULL,'2','FUNCIONARIO'),(887,'2','0','2019-10-26','13:52:00',NULL,NULL,NULL,NULL,NULL,NULL,'2019-10-26','22:39:00',NULL,'','',147,NULL,'2','FUNCIONARIO'),(888,'2','0','2019-10-26','13:59:00',NULL,NULL,NULL,NULL,NULL,NULL,'2019-10-26','22:39:00',NULL,'','',115,NULL,'2','FUNCIONARIO'),(889,'2','0','2019-10-26','14:03:00',NULL,NULL,NULL,NULL,NULL,NULL,'2019-10-26','22:50:00',NULL,'','',125,NULL,'2','FUNCIONARIO'),(890,'2','0','2019-10-26','14:04:00',NULL,NULL,NULL,NULL,NULL,NULL,'2019-10-26','22:50:00',NULL,'','',126,NULL,'2','FUNCIONARIO'),(891,'2','0','2019-10-26','14:09:00',NULL,NULL,NULL,NULL,NULL,NULL,'2019-10-26','22:41:00',NULL,'','',57,NULL,'2','FUNCIONARIO'),(892,'2','0','2019-10-26','14:10:00',NULL,NULL,NULL,NULL,NULL,NULL,'2019-10-26','22:55:00',NULL,'','',127,NULL,'2','FUNCIONARIO'),(893,'2','0','2019-10-26','14:12:00',NULL,NULL,NULL,NULL,NULL,NULL,'2019-10-26','23:05:00',NULL,'','',116,NULL,'2','FUNCIONARIO'),(894,'2','0','2019-10-26','21:58:00',NULL,NULL,NULL,NULL,NULL,NULL,NULL,NULL,NULL,NULL,NULL,139,NULL,'1','FUNCIONARIO'),(895,'2','0','2019-10-26','22:06:00',NULL,NULL,NULL,NULL,NULL,NULL,NULL,NULL,NULL,NULL,NULL,141,NULL,'1','FUNCIONARIO'),(896,'2','0','2019-10-26','22:10:00',NULL,NULL,NULL,NULL,NULL,NULL,NULL,NULL,NULL,NULL,NULL,161,NULL,'1','FUNCIONARIO'),(897,'2','0','2019-10-26','22:17:00',NULL,NULL,NULL,NULL,NULL,NULL,NULL,NULL,NULL,NULL,NULL,119,NULL,'1','FUNCIONARIO'),(898,'2','0','2019-10-26','22:24:00',NULL,NULL,NULL,NULL,NULL,NULL,NULL,NULL,NULL,NULL,NULL,135,NULL,'1','FUNCIONARIO'),(899,'2','0','2019-10-26','22:24:00',NULL,NULL,NULL,NULL,NULL,NULL,'2019-10-26','22:26:00',NULL,'','',142,NULL,'2','FUNCIONARIO'),(900,'2','0','2019-10-26','22:32:00',NULL,NULL,NULL,NULL,NULL,NULL,'2019-10-26','22:46:00',NULL,'','',56,NULL,'2','FUNCIONARIO'),(901,'2','0','2019-10-27','05:08:00',NULL,NULL,NULL,NULL,NULL,NULL,'2019-10-27','14:40:00',NULL,'','',60,NULL,'2','FUNCIONARIO'),(902,'2','0','2019-10-27','05:18:00',NULL,NULL,NULL,NULL,NULL,NULL,'2019-10-27','14:25:00',NULL,'','',62,NULL,'2','FUNCIONARIO'),(903,'2','0','2019-10-27','05:20:00',NULL,NULL,NULL,NULL,NULL,NULL,'2019-10-27','06:18:00',NULL,'','',162,NULL,'2','FUNCIONARIO'),(904,'2','0','2019-10-27','05:35:00',NULL,NULL,NULL,NULL,NULL,NULL,'2019-10-27','05:50:00',NULL,'','',140,NULL,'2','FUNCIONARIO'),(905,'2','0','2019-10-27','06:04:00',NULL,NULL,NULL,NULL,NULL,NULL,'2019-10-27','14:17:00',NULL,'','',143,NULL,'2','FUNCIONARIO'),(906,'2','0','2019-10-27','05:55:00',NULL,NULL,NULL,NULL,NULL,NULL,'2019-10-27','14:40:00',NULL,'','',61,NULL,'2','FUNCIONARIO'),(907,'2','0','2019-10-27','05:55:00',NULL,NULL,NULL,NULL,NULL,NULL,NULL,NULL,NULL,NULL,NULL,65,NULL,'1','FUNCIONARIO'),(908,'2','0','2019-10-27','08:30:00',NULL,NULL,NULL,NULL,NULL,NULL,'2019-10-27','14:25:00',NULL,'','',95,NULL,'2','FUNCIONARIO'),(909,'2','0','2019-10-27','13:42:00',NULL,NULL,NULL,NULL,NULL,NULL,'2019-10-27','14:45:00',NULL,'','',137,NULL,'2','FUNCIONARIO'),(910,'2','0','2019-10-27','14:03:00',NULL,NULL,NULL,NULL,NULL,NULL,'2019-10-27','22:49:00',NULL,'','',125,NULL,'2','FUNCIONARIO'),(911,'2','0','2019-10-27','14:08:00',NULL,NULL,NULL,NULL,NULL,NULL,'2019-10-27','23:01:00',NULL,'','',116,NULL,'2','FUNCIONARIO'),(912,'2','0','2019-10-27','14:13:00',NULL,NULL,NULL,NULL,NULL,NULL,'2019-10-27','22:51:00',NULL,'19:38','20:38',138,NULL,'2','FUNCIONARIO'),(913,'2','0','2019-10-27','14:14:00',NULL,NULL,NULL,NULL,NULL,NULL,'2019-10-27','20:57:00',NULL,'','',57,NULL,'2','FUNCIONARIO'),(914,'0',NULL,'2019-10-27','21:26:00','NILTON MAIA',NULL,NULL,NULL,NULL,NULL,NULL,NULL,NULL,NULL,NULL,NULL,23,'1',NULL),(915,'2','0','2019-10-27','21:34:00',NULL,NULL,NULL,NULL,NULL,NULL,NULL,NULL,NULL,NULL,NULL,119,NULL,'1','FUNCIONARIO'),(916,'2','0','2019-10-27','21:59:00',NULL,NULL,NULL,NULL,NULL,NULL,NULL,NULL,NULL,NULL,NULL,139,NULL,'1','FUNCIONARIO'),(917,'2','0','2019-10-27','22:04:00',NULL,NULL,NULL,NULL,NULL,NULL,NULL,NULL,NULL,NULL,NULL,141,NULL,'1','FUNCIONARIO'),(918,'2','0','2019-10-27','22:15:00',NULL,NULL,NULL,NULL,NULL,NULL,NULL,NULL,NULL,NULL,NULL,161,NULL,'1','FUNCIONARIO'),(919,'2','0','2019-10-27','22:22:00',NULL,NULL,NULL,NULL,NULL,NULL,'2019-10-27','22:44:00',NULL,'','',142,NULL,'2','FUNCIONARIO'),(920,'2','0','2019-10-27','22:28:00',NULL,NULL,NULL,NULL,NULL,NULL,NULL,NULL,NULL,NULL,NULL,135,NULL,'1','FUNCIONARIO'),(921,'0',NULL,'2019-10-27','22:28:00','THIAGO',NULL,NULL,NULL,NULL,NULL,NULL,NULL,NULL,NULL,NULL,NULL,10,'1',NULL),(922,'0',NULL,'2019-10-27','22:59:00','THIAGO',NULL,NULL,NULL,NULL,NULL,NULL,NULL,NULL,NULL,NULL,NULL,25,'1',NULL),(923,'2','0','2019-10-28','05:14:00',NULL,NULL,NULL,NULL,NULL,NULL,'2019-10-28','06:00:00',NULL,'12:04','',102,NULL,'2','FUNCIONARIO'),(924,'2','0','2019-10-28','05:26:00',NULL,NULL,NULL,NULL,NULL,NULL,'2019-10-28','05:53:00',NULL,'14:25','',163,NULL,'2','FUNCIONARIO'),(925,'2','0','2019-10-28','05:33:00',NULL,NULL,NULL,NULL,NULL,NULL,'2019-10-28','05:33:00',NULL,'14:30','',110,NULL,'2','FUNCIONARIO'),(926,'2','0','2019-10-28','05:42:00',NULL,NULL,NULL,NULL,NULL,NULL,'2019-10-28','05:42:00',NULL,'14:30','',59,NULL,'2','FUNCIONARIO'),(927,'0',NULL,'2019-10-28','06:04:00','DEVID',NULL,NULL,NULL,NULL,NULL,'2019-10-28','16:20:00','DEVID',NULL,NULL,NULL,24,'2',NULL),(928,'0',NULL,'2019-10-28','06:00:00','LURDES ',NULL,NULL,NULL,NULL,NULL,'2019-10-28','16:30:00','LURDES',NULL,NULL,NULL,29,'2',NULL),(929,'2','0','2019-10-28','06:09:00',NULL,NULL,NULL,NULL,NULL,NULL,'2019-10-28','06:09:00',NULL,'14:20','',161,NULL,'2','FUNCIONARIO'),(930,'2','0','2019-10-28','06:18:00',NULL,NULL,NULL,NULL,NULL,NULL,'2019-10-28','06:18:00',NULL,'14:00','',99,NULL,'2','FUNCIONARIO'),(931,'2','0','2019-10-28','06:45:00',NULL,NULL,NULL,NULL,NULL,NULL,'2019-10-28','06:45:00',NULL,'14:20','',70,NULL,'2','FUNCIONARIO'),(932,'2','0','2019-10-28','06:02:00',NULL,NULL,NULL,NULL,NULL,NULL,'2019-10-28','06:02:00',NULL,'14:25','',103,NULL,'2','FUNCIONARIO'),(933,'2','0','2019-10-28','07:02:00',NULL,NULL,NULL,NULL,NULL,NULL,'2019-10-28','07:02:00',NULL,'16:00','',144,NULL,'2','FUNCIONARIO'),(934,'2','0','2019-10-28','07:24:00',NULL,NULL,NULL,NULL,NULL,NULL,'2019-10-28','07:24:00',NULL,'17:06','',76,NULL,'2','FUNCIONARIO'),(935,'2','0','2019-10-28','06:55:00',NULL,NULL,NULL,NULL,NULL,NULL,'2019-10-28','07:00:00',NULL,'12:44','',68,NULL,'2','FUNCIONARIO'),(936,'2','0','2019-10-28','07:36:00',NULL,NULL,NULL,NULL,NULL,NULL,'2019-10-28','07:36:00',NULL,'17:15','',87,NULL,'2','FUNCIONARIO'),(937,'2','0','2019-10-28','07:00:00',NULL,NULL,NULL,NULL,NULL,NULL,'2019-10-28','07:00:00',NULL,'17:16','',45,NULL,'2','FUNCIONARIO'),(938,'0',NULL,'2019-10-28','06:21:00','VALDECI ',NULL,NULL,NULL,NULL,NULL,'2019-10-28','16:20:00','DEVID',NULL,NULL,NULL,30,'2',NULL),(939,'1',NULL,'2019-10-28','08:10:00',NULL,'CAMINHAO','NTK:3452','POULO CORRERIA LEMOS','34495282-4','VIP','2019-10-28','09:08:00',NULL,'','',NULL,NULL,'2','NF:0448651 FALAR C/ADILSON- OK SILVANA'),(940,'1',NULL,'2019-10-28','08:20:00',NULL,'CAMINHAO','QHL-1085','LUIZ HERINQUE ','04674159','REPLAST','2019-10-28','11:40:00',NULL,'','',NULL,NULL,'2','NF:072957-072998 FALAR C/ADILSON- OK SILVANA'),(941,'2','0','2019-10-28','08:05:00',NULL,NULL,NULL,NULL,NULL,NULL,'2019-10-28','08:05:00',NULL,'12:40','',50,NULL,'2','FUNCIONARIO'),(942,'2','0','2019-10-28','08:05:00',NULL,NULL,NULL,NULL,NULL,NULL,'2019-10-28','08:05:00',NULL,'12:15','',88,NULL,'2','FUNCIONARIO'),(943,'2','0','2019-10-28','08:10:00',NULL,NULL,NULL,NULL,NULL,NULL,'2019-10-28','08:10:00',NULL,'17:06','',47,NULL,'2','FUNCIONARIO'),(944,'2','0','2019-10-28','07:53:00',NULL,NULL,NULL,NULL,NULL,NULL,'2019-10-28','07:53:00',NULL,'17:06','',72,NULL,'2','FUNCIONARIO'),(945,'2','0','2019-10-28','09:39:00',NULL,NULL,NULL,NULL,NULL,NULL,'2019-10-28','09:39:00',NULL,'14:50','',89,NULL,'2','FUNCIONARIO'),(946,'2','0','2019-10-28','09:46:00',NULL,NULL,NULL,NULL,NULL,NULL,'2019-10-28','09:46:00',NULL,'16:40','',55,NULL,'2','FUNCIONARIO'),(947,'2','0','2019-10-28','09:55:00',NULL,NULL,NULL,NULL,NULL,NULL,'2019-10-28','09:55:00',NULL,'17:15','',54,NULL,'2','FUNCIONARIO'),(948,'2','1','2019-10-28','10:06:00',NULL,NULL,'FOO-5427','VALDEMIR COELHO','27423092-6','AQUALAVE','2019-10-28','10:03:00',NULL,'13:50','',NULL,NULL,'2','VISITANTE FALAR C/ FERNANDO'),(949,'2','0','2019-10-28','10:02:00',NULL,NULL,NULL,NULL,NULL,NULL,'2019-10-28','10:02:00',NULL,'12:00','12:17',43,NULL,'2','FUNCIONARIO'),(950,'2','0','2019-10-28','10:02:00',NULL,NULL,NULL,NULL,NULL,NULL,'2019-10-28','10:02:00',NULL,'17:00','',77,NULL,'2','FUNCIONARIO'),(951,'2','0','2019-10-28','07:00:00',NULL,NULL,NULL,NULL,NULL,NULL,'2019-10-28','07:00:00',NULL,'11:50','',67,NULL,'2','FUNCIONARIO'),(952,'2','0','2019-10-28','06:00:00',NULL,NULL,NULL,NULL,NULL,NULL,'2019-10-28','06:00:00',NULL,'14:30','',102,NULL,'2','FUNCIONARIO'),(953,'2','0','2019-10-28','13:22:00',NULL,NULL,NULL,NULL,NULL,NULL,'2019-10-28','06:55:00',NULL,'16:00','',68,NULL,'2','FUNCIONARIO'),(954,'2','0','2019-10-28','13:00:00',NULL,NULL,NULL,NULL,NULL,NULL,'2019-10-28','13:00:00',NULL,'17:28','',88,NULL,'2','FUNCIONARIO'),(955,'2','0','2019-10-28','13:00:00',NULL,NULL,NULL,NULL,NULL,NULL,'2019-10-28','13:00:00',NULL,'17:06','',77,NULL,'2','FUNCIONARIO'),(956,'1',NULL,'2019-10-28','13:28:00',NULL,'CAMINHAO','CNR-2091','JOSIAS PACHECO','5360200563','LABUTA','2019-10-28','13:30:00',NULL,'13:34','',NULL,NULL,'2','NF: SNF     - FALAR C/ EDILSON '),(957,'2','0','2019-10-28','13:32:00',NULL,NULL,NULL,NULL,NULL,NULL,'2019-10-28','22:24:00',NULL,'','',115,NULL,'2','FUNCIONARIO'),(958,'2','0','2019-10-28','13:42:00',NULL,NULL,NULL,NULL,NULL,NULL,'2019-10-28','13:42:00',NULL,'17:06','',60,NULL,'2','FUNCIONARIO'),(959,'2','0','2019-10-28','14:06:00',NULL,NULL,NULL,NULL,NULL,NULL,'2019-10-28','22:43:00',NULL,'','',57,NULL,'2','FUNCIONARIO'),(960,'2','0','2019-10-28','13:50:00',NULL,NULL,NULL,NULL,NULL,NULL,'2019-10-28','22:47:00',NULL,'','',126,NULL,'2','FUNCIONARIO'),(961,'2','0','2019-10-28','10:00:00',NULL,NULL,NULL,NULL,NULL,NULL,'2019-10-28','10:00:00',NULL,'16:02','',43,NULL,'2','FUNCIONARIO'),(962,'2','0','2019-10-28','60:00:00',NULL,NULL,NULL,NULL,NULL,NULL,'2019-10-28','14:11:00',NULL,'','',63,NULL,'2','FUNCIONARIO'),(963,'2','0','2019-10-28','06:00:00',NULL,NULL,NULL,NULL,NULL,NULL,'2019-10-28','06:00:00',NULL,'14:30','',163,NULL,'2','FUNCIONARIO'),(964,'0',NULL,'2019-10-28','14:55:00','FERNANDO',NULL,NULL,NULL,NULL,NULL,'2019-10-28','15:40:00','FERNANDO',NULL,NULL,NULL,11,'2',NULL),(965,'1',NULL,'2019-10-28','15:04:00',NULL,'CAMINHAO','DPF-5732','MARCELO PONATO','249266921','VIP','2019-10-28','15:04:00',NULL,'15:20','',NULL,NULL,'2','NF:0448762 FALAR C/ADILSON- OK SILVANA'),(966,'1',NULL,'2019-10-28','15:29:00',NULL,'CAMINHAO','FTZ-6298','MOZAR XAVIER','41857099869','JR ','2019-10-28','15:29:00',NULL,'17:45','',NULL,NULL,'2','NF:03173 FALAR C/ADILSON- OK SILVANA'),(967,'2','0','2019-10-28','16:00:00',NULL,NULL,NULL,NULL,NULL,NULL,'2019-10-28','14:11:00',NULL,'','',87,NULL,'2','FUNCIONARIO'),(968,'2','0','2019-10-28','08:00:00',NULL,NULL,NULL,NULL,NULL,NULL,'2019-10-28','08:00:00',NULL,'16:00','',65,NULL,'2','FUNCIONARIO'),(969,'2','0','2019-10-28','07:55:00',NULL,NULL,NULL,NULL,NULL,NULL,'2019-10-28','07:55:00',NULL,'17:28','',88,NULL,'2','FUNCIONARIO'),(970,'2','1','2019-10-28','10:06:00',NULL,NULL,'FOO-5427','VALDEMIRCOELHO','27423092-6','AQUALAVE','2019-10-28','10:00:00',NULL,'13:00','',NULL,NULL,'2','VISITANTE FALAR C/ FERNANDO '),(971,'2','0','2019-10-28','14:30:00',NULL,NULL,NULL,NULL,NULL,NULL,'2019-10-28','22:00:00',NULL,'','',89,NULL,'2','FUNCIONARIO'),(972,'2','0','2019-10-28','14:13:00',NULL,NULL,NULL,NULL,NULL,NULL,'2019-10-28','22:46:00',NULL,'','',57,NULL,'2','FUNCIONARIO'),(973,'2','0','2019-10-28','14:13:00',NULL,NULL,NULL,NULL,NULL,NULL,'2019-10-28','22:47:00',NULL,'','',116,NULL,'2','FUNCIONARIO'),(974,'0',NULL,'2019-10-28','20:47:00','EDNILSON',NULL,NULL,NULL,NULL,NULL,'2019-10-28','21:40:00','EDNILSON',NULL,NULL,NULL,29,'2',NULL),(975,'2','0','2019-10-28','22:04:00',NULL,NULL,NULL,NULL,NULL,NULL,'2019-10-29','06:10:00',NULL,'','',139,NULL,'2','FUNCIONARIO'),(976,'2','0','2019-10-28','22:04:00',NULL,NULL,NULL,NULL,NULL,NULL,'2019-10-29','06:10:00',NULL,'','',141,NULL,'2','FUNCIONARIO'),(977,'2','0','2019-10-28','22:07:00',NULL,NULL,NULL,NULL,NULL,NULL,'2019-10-29','06:10:00',NULL,'','',119,NULL,'2','FUNCIONARIO'),(978,'2','0','2019-10-28','22:33:00',NULL,NULL,NULL,NULL,NULL,NULL,'2019-10-28','22:23:00',NULL,'','',142,NULL,'2','FUNCIONARIO'),(979,'2','0','2019-10-28','22:47:00',NULL,NULL,NULL,NULL,NULL,NULL,'2019-10-28','22:49:00',NULL,'','',118,NULL,'2','FUNCIONARIO'),(980,'0',NULL,'2019-10-28','22:49:00','THYAGO',NULL,NULL,NULL,NULL,NULL,'2019-10-29','06:10:00',NULL,'','',NULL,10,'2',''),(981,'2','0','2019-10-29','05:16:00',NULL,NULL,NULL,NULL,NULL,NULL,'2019-10-29','14:35:00',NULL,'','',102,NULL,'2','FUNCIONARIO'),(982,'2','0','2019-10-29','05:46:00',NULL,NULL,NULL,NULL,NULL,NULL,'2019-10-29','05:48:00',NULL,'','',84,NULL,'2','FUNCIONARIO'),(983,'0',NULL,'2019-10-29','05:54:00','LAGOA',NULL,NULL,NULL,NULL,NULL,'2019-10-29','14:30:00','LAGOA','','',NULL,22,'2',''),(984,'2','0','2019-10-29','05:56:00',NULL,NULL,NULL,NULL,NULL,NULL,'2019-10-29','14:30:00',NULL,'','',61,NULL,'2','FUNCIONARIO'),(985,'2','0','2019-10-29','06:00:00',NULL,NULL,NULL,NULL,NULL,NULL,'2019-10-29','14:30:00',NULL,'','',103,NULL,'2','FUNCIONARIO'),(986,'2','0','2019-10-29','06:01:00',NULL,NULL,NULL,NULL,NULL,NULL,'2019-10-29','14:30:00',NULL,'','',60,NULL,'2','FUNCIONARIO'),(987,'2','0','2019-10-29','06:05:00',NULL,NULL,NULL,NULL,NULL,NULL,'2019-10-29','14:30:00',NULL,'','',63,NULL,'2','FUNCIONARIO'),(988,'2','0','2019-10-29','06:09:00',NULL,NULL,NULL,NULL,NULL,NULL,'2019-10-29','16:03:00',NULL,'','',64,NULL,'2','FUNCIONARIO'),(989,'2','0','2019-10-29','06:27:00',NULL,NULL,NULL,NULL,NULL,NULL,'2019-10-29','16:03:00',NULL,'','',164,NULL,'2','FUNCIONARIO'),(990,'2','0','2019-10-29','06:28:00',NULL,NULL,NULL,NULL,NULL,NULL,'2019-10-29','16:05:00',NULL,'','',66,NULL,'2','FUNCIONARIO'),(991,'2','0','2019-10-29','06:31:00',NULL,NULL,NULL,NULL,NULL,NULL,'2019-10-29','16:05:00',NULL,'','',49,NULL,'2','FUNCIONARIO'),(992,'2','0','2019-10-29','06:31:00',NULL,NULL,NULL,NULL,NULL,NULL,'2019-10-29','16:05:00',NULL,'','',67,NULL,'2','FUNCIONARIO'),(993,'2','0','2019-10-29','06:37:00',NULL,NULL,NULL,NULL,NULL,NULL,'2019-10-29','15:54:00',NULL,'','',87,NULL,'2','FUNCIONARIO'),(994,'2','0','2019-10-29','06:42:00',NULL,NULL,NULL,NULL,NULL,NULL,'2019-10-29','16:05:00',NULL,'','',70,NULL,'2','FUNCIONARIO'),(995,'2','0','2019-10-29','06:47:00',NULL,NULL,NULL,NULL,NULL,NULL,'2019-10-29','16:05:00',NULL,'','',100,NULL,'2','FUNCIONARIO'),(996,'2','0','2019-10-29','06:49:00',NULL,NULL,NULL,NULL,NULL,NULL,'2019-10-29','16:04:00',NULL,'','',69,NULL,'2','FUNCIONARIO'),(997,'2','0','2019-10-29','06:51:00',NULL,NULL,NULL,NULL,NULL,NULL,'2019-10-29','16:02:00',NULL,'','',68,NULL,'2','FUNCIONARIO'),(998,'2','0','2019-10-29','06:52:00',NULL,NULL,NULL,NULL,NULL,NULL,'2019-10-29','16:00:00',NULL,'','',45,NULL,'2','FUNCIONARIO'),(999,'2','0','2019-10-29','06:53:00',NULL,NULL,NULL,NULL,NULL,NULL,'2019-10-29','17:00:00',NULL,'','',76,NULL,'2','FUNCIONARIO'),(1000,'2','0','2019-10-29','06:53:00',NULL,NULL,NULL,NULL,NULL,NULL,'2019-10-29','16:03:00',NULL,'','',72,NULL,'2','FUNCIONARIO'),(1001,'2','0','2019-10-29','07:35:00',NULL,NULL,NULL,NULL,NULL,NULL,'2019-10-29','11:28:00',NULL,'','',91,NULL,'2','FUNCIONARIO'),(1002,'2','0','2019-10-29','07:36:00',NULL,NULL,NULL,NULL,NULL,NULL,'2019-10-29','17:00:00',NULL,'','',75,NULL,'2','FUNCIONARIO'),(1003,'2','0','2019-10-29','07:45:00',NULL,NULL,NULL,NULL,NULL,NULL,'2019-10-29','17:00:00',NULL,'','',71,NULL,'2','FUNCIONARIO'),(1004,'2','0','2019-10-29','07:46:00',NULL,NULL,NULL,NULL,NULL,NULL,'2019-10-29','17:00:00',NULL,'','',77,NULL,'2','FUNCIONARIO'),(1005,'2','0','2019-10-29','07:50:00',NULL,NULL,NULL,NULL,NULL,NULL,'2019-10-29','18:18:00',NULL,'','',50,NULL,'2','FUNCIONARIO'),(1006,'2','0','2019-10-29','07:52:00',NULL,NULL,NULL,NULL,NULL,NULL,'2019-10-29','17:00:00',NULL,'','',47,NULL,'2','FUNCIONARIO'),(1007,'2','0','2019-10-29','08:04:00',NULL,NULL,NULL,NULL,NULL,NULL,'2019-10-29','15:15:00',NULL,'','',79,NULL,'2','FUNCIONARIO'),(1008,'2','0','2019-10-29','08:04:00',NULL,NULL,NULL,NULL,NULL,NULL,'2019-10-29','17:00:00',NULL,'','',88,NULL,'2','FUNCIONARIO'),(1009,'2','0','2019-10-29','08:04:00',NULL,NULL,NULL,NULL,NULL,NULL,'2019-10-29','18:17:00',NULL,'','',89,NULL,'2','FUNCIONARIO'),(1010,'1',NULL,'2019-10-29','08:54:00',NULL,'CAMINHAO','GGO4749','IZAAC','351055617','OTIMIZA','2019-10-29','09:44:00',NULL,'','',NULL,NULL,'2','NF:6807 FALAR C/ADILSON- OK SILVANA NF6808'),(1011,'1',NULL,'2019-10-29','09:06:00',NULL,'CAMINHAO','JPW7447','JOSE  MARCOS','359002122','BARRI','2019-10-29','10:10:00',NULL,'','',NULL,NULL,'2','NF:      - FALAR C/alemao'),(1012,'1',NULL,'2019-10-29','09:16:00',NULL,'CAMINHAO','BWB5913','ANIBAL','200705520','VIGOR','2019-10-29','10:09:00',NULL,'','',NULL,NULL,'2','NF:1344858 FALAR C/ADILSON- OK SILVANA'),(1013,'2','0','2019-10-29','09:30:00',NULL,NULL,NULL,NULL,NULL,NULL,'2019-10-29','16:40:00',NULL,'','',43,NULL,'2','FUNCIONARIO'),(1014,'2','0','2019-10-29','09:49:00',NULL,NULL,NULL,NULL,NULL,NULL,'2019-10-29','17:00:00',NULL,'','',81,NULL,'2','FUNCIONARIO'),(1015,'2','0','2019-10-29','10:01:00',NULL,NULL,NULL,NULL,NULL,NULL,'2019-10-29','10:18:00',NULL,'','',166,NULL,'2','FUNCIONARIO'),(1016,'1',NULL,'2019-10-29','11:58:00',NULL,'CAMINHAO','QHR7376','EMIR','2796071','CONDOR','2019-10-29','12:20:00',NULL,'','',NULL,NULL,'2','NF:      - FALAR C/ALEMAO'),(1017,'1',NULL,'2019-10-29','12:59:00',NULL,'CAMINHAO','CLJ1632','SIDNEI  SILVA','468492252','TUBOKRAFT','2019-10-29','14:35:00',NULL,'','',NULL,NULL,'2','NF:6102 FALAR C/ADILSON- OK SILVANA NF 61602'),(1018,'2','0','2019-10-29','13:33:00',NULL,NULL,NULL,NULL,NULL,NULL,'2019-10-29','22:45:00',NULL,'','',115,NULL,'2','FUNCIONARIO'),(1019,'2','0','2019-10-29','14:03:00',NULL,NULL,NULL,NULL,NULL,NULL,'2019-10-29','14:10:00',NULL,'','',167,NULL,'2','FUNCIONARIO'),(1020,'2','0','2019-10-29','14:05:00',NULL,NULL,NULL,NULL,NULL,NULL,'2019-10-29','22:45:00',NULL,'','',57,NULL,'2','FUNCIONARIO'),(1021,'1',NULL,'2019-10-29','14:07:00',NULL,'CAMINHAO','AUQ1466','ANDERSON  DE  ANDRADE','11514689','VASUS  ALTERNATIVA',NULL,NULL,NULL,NULL,NULL,NULL,NULL,'1','NF:      - FALAR C/ALEMAO'),(1022,'2','0','2019-10-29','14:10:00',NULL,NULL,NULL,NULL,NULL,NULL,'2019-10-29','22:48:00',NULL,'','',116,NULL,'2','FUNCIONARIO'),(1023,'2','0','2019-10-29','14:14:00',NULL,NULL,NULL,NULL,NULL,NULL,'2019-10-29','22:48:00',NULL,'','',126,NULL,'2','FUNCIONARIO'),(1024,'2','0','2019-10-29','14:32:00',NULL,NULL,NULL,NULL,NULL,NULL,'2019-10-29','14:35:00',NULL,'','',140,NULL,'2','FUNCIONARIO'),(1025,'2','0','2019-10-29','14:52:00',NULL,NULL,NULL,NULL,NULL,NULL,'2019-10-29','21:00:00',NULL,'','',152,NULL,'2','FUNCIONARIO'),(1026,'0',NULL,'2019-10-29','06:00:00','ALEMAO',NULL,NULL,NULL,NULL,NULL,'2019-10-29','15:00:00','ALEMAO',NULL,NULL,NULL,21,'2',NULL),(1027,'0',NULL,'2019-10-29','06:00:00','LAGOA',NULL,NULL,NULL,NULL,NULL,'2019-10-29','06:00:00','LAGOA',NULL,NULL,NULL,22,'2',NULL),(1028,'0',NULL,'2019-10-29','06:00:00','DEIVID',NULL,NULL,NULL,NULL,NULL,'2019-10-29','17:00:00','RIBAMAR',NULL,NULL,NULL,24,'2',NULL),(1029,'0',NULL,'2019-10-29','06:10:00','VALDECI',NULL,NULL,NULL,NULL,NULL,'2019-10-29','17:00:00','ALEX',NULL,NULL,NULL,30,'2',NULL),(1030,'0',NULL,'2019-10-29','06:15:00','LURDES',NULL,NULL,NULL,NULL,NULL,'2019-10-29','17:00:00','LURDES',NULL,NULL,NULL,29,'2',NULL),(1031,'0',NULL,'2019-10-29','14:30:00','VASCONCELO',NULL,NULL,NULL,NULL,NULL,'2019-10-29','22:45:00','VASCONCELOS',NULL,NULL,NULL,22,'2',NULL),(1032,'0',NULL,'2019-10-29','15:00:00','NILTON  M',NULL,NULL,NULL,NULL,NULL,'2019-10-29','22:47:00','MAIA',NULL,NULL,NULL,23,'2',NULL),(1033,'0',NULL,'2019-10-29','17:15:00','ALMIR',NULL,NULL,NULL,NULL,NULL,'2019-10-29','18:00:00','ALMIR',NULL,NULL,NULL,30,'2',NULL),(1034,'2','0','2019-10-29','22:01:00',NULL,NULL,NULL,NULL,NULL,NULL,'2019-10-30','06:03:00',NULL,'','',139,NULL,'2','FUNCIONARIO'),(1035,'2','0','2019-10-29','22:05:00',NULL,NULL,NULL,NULL,NULL,NULL,'2019-10-30','06:03:00',NULL,'','',141,NULL,'2','FUNCIONARIO'),(1036,'2','0','2019-10-29','22:17:00',NULL,NULL,NULL,NULL,NULL,NULL,'2019-10-30','06:10:00',NULL,'','',119,NULL,'2','FUNCIONARIO'),(1037,'2','0','2019-10-29','22:26:00',NULL,NULL,NULL,NULL,NULL,NULL,'2019-10-29','22:35:00',NULL,'','',142,NULL,'2','FUNCIONARIO'),(1038,'0',NULL,'2019-10-29','22:34:00','THIAGO',NULL,NULL,NULL,NULL,NULL,'2019-10-30','06:09:00','THIAGO',NULL,NULL,NULL,10,'2',NULL),(1039,'2','0','2019-10-29','22:37:00',NULL,NULL,NULL,NULL,NULL,NULL,'2019-10-29','22:49:00',NULL,'','',118,NULL,'2','FUNCIONARIO'),(1040,'0',NULL,'2019-10-29','22:51:00','THIAGO',NULL,NULL,NULL,NULL,NULL,NULL,NULL,NULL,NULL,NULL,NULL,21,'1',NULL),(1041,'2','0','2019-10-30','05:16:00',NULL,NULL,NULL,NULL,NULL,NULL,'2019-10-30','14:38:00',NULL,'12:02','12:16',102,NULL,'2','FUNCIONARIO'),(1042,'2','0','2019-10-30','05:27:00',NULL,NULL,NULL,NULL,NULL,NULL,'2019-10-30','14:24:00',NULL,'','',62,NULL,'2','FUNCIONARIO'),(1043,'2','0','2019-10-30','05:35:00',NULL,NULL,NULL,NULL,NULL,NULL,'2019-10-30','14:31:00',NULL,'','',59,NULL,'2','FUNCIONARIO'),(1044,'2','0','2019-10-30','05:40:00',NULL,NULL,NULL,NULL,NULL,NULL,'2019-10-30','06:18:00',NULL,'','',84,NULL,'2','FUNCIONARIO'),(1045,'2','0','2019-10-30','05:48:00',NULL,NULL,NULL,NULL,NULL,NULL,'2019-10-30','14:26:00',NULL,'','',63,NULL,'2','FUNCIONARIO'),(1046,'2','0','2019-10-30','05:50:00',NULL,NULL,NULL,NULL,NULL,NULL,'2019-10-30','05:51:00',NULL,'','',59,NULL,'2','FUNCIONARIO'),(1047,'2','0','2019-10-30','05:52:00',NULL,NULL,NULL,NULL,NULL,NULL,'2019-10-30','14:24:00',NULL,'11:58','12:20',147,NULL,'2','FUNCIONARIO'),(1048,'2','0','2019-10-30','05:53:00',NULL,NULL,NULL,NULL,NULL,NULL,'2019-10-30','14:27:00',NULL,'05:58','06:10',61,NULL,'2','FUNCIONARIO'),(1049,'0',NULL,'2019-10-30','05:54:00','DEIVID',NULL,NULL,NULL,NULL,NULL,'2019-10-30','16:02:00','RIBAMAR',NULL,NULL,NULL,24,'2',NULL),(1050,'0',NULL,'2019-10-30','05:54:00','LAGOA',NULL,NULL,NULL,NULL,NULL,'2019-10-30','22:45:00','VASCONCELOS',NULL,NULL,NULL,22,'2',NULL),(1051,'2','0','2019-10-30','05:50:00',NULL,NULL,NULL,NULL,NULL,NULL,'2019-10-30','14:30:00',NULL,'','',103,NULL,'2','FUNCIONARIO'),(1052,'2','0','2019-10-30','05:56:00',NULL,NULL,NULL,NULL,NULL,NULL,'2019-10-30','14:26:00',NULL,'','',60,NULL,'2','FUNCIONARIO'),(1053,'0',NULL,'2019-10-30','06:00:00','LURDES',NULL,NULL,NULL,NULL,NULL,'2019-10-30','16:55:00','LURDES',NULL,NULL,NULL,29,'2',NULL),(1054,'2','0','2019-10-30','06:07:00',NULL,NULL,NULL,NULL,NULL,NULL,'2019-10-30','16:04:00',NULL,'','',64,NULL,'2','FUNCIONARIO'),(1055,'0',NULL,'2019-10-30','06:09:00','VALDECI',NULL,NULL,NULL,NULL,NULL,'2019-10-30','16:00:00','VALDECI',NULL,NULL,NULL,30,'2',NULL),(1056,'2','0','2019-10-30','06:10:00',NULL,NULL,NULL,NULL,NULL,NULL,'2019-10-30','16:06:00',NULL,'','',68,NULL,'2','FUNCIONARIO'),(1057,'2','0','2019-10-30','06:16:00',NULL,NULL,NULL,NULL,NULL,NULL,'2019-10-30','16:10:00',NULL,'','',66,NULL,'2','FUNCIONARIO'),(1058,'2','0','2019-10-30','06:18:00',NULL,NULL,NULL,NULL,NULL,NULL,'2019-10-30','17:05:00',NULL,'','',76,NULL,'2','FUNCIONARIO'),(1059,'2','0','2019-10-30','06:22:00',NULL,NULL,NULL,NULL,NULL,NULL,'2019-10-30','16:07:00',NULL,'','',49,NULL,'2','FUNCIONARIO'),(1060,'2','0','2019-10-30','06:25:00',NULL,NULL,NULL,NULL,NULL,NULL,'2019-10-30','16:03:00',NULL,'','',67,NULL,'2','FUNCIONARIO'),(1061,'2','0','2019-10-30','06:26:00',NULL,NULL,NULL,NULL,NULL,NULL,'2019-10-30','16:02:00',NULL,'','',164,NULL,'2','FUNCIONARIO'),(1062,'2','0','2019-10-30','06:33:00',NULL,NULL,NULL,NULL,NULL,NULL,'2019-10-30','16:04:00',NULL,'','',69,NULL,'2','FUNCIONARIO'),(1063,'2','0','2019-10-30','06:39:00',NULL,NULL,NULL,NULL,NULL,NULL,'2019-10-30','16:04:00',NULL,'','',70,NULL,'2','FUNCIONARIO'),(1064,'2','0','2019-10-30','06:43:00',NULL,NULL,NULL,NULL,NULL,NULL,'2019-10-30','16:14:00',NULL,'','',144,NULL,'2','FUNCIONARIO'),(1065,'2','0','2019-10-30','06:53:00',NULL,NULL,NULL,NULL,NULL,NULL,'2019-10-30','16:00:00',NULL,'','',45,NULL,'2','FUNCIONARIO'),(1066,'2','0','2019-10-30','06:53:00',NULL,NULL,NULL,NULL,NULL,NULL,'2019-10-30','16:03:00',NULL,'','',72,NULL,'2','FUNCIONARIO'),(1067,'2','0','2019-10-30','07:16:00',NULL,NULL,NULL,NULL,NULL,NULL,'2019-10-30','16:02:00',NULL,'','',87,NULL,'2','FUNCIONARIO'),(1068,'2','0','2019-10-30','07:21:00',NULL,NULL,NULL,NULL,NULL,NULL,'2019-10-30','09:39:00',NULL,'09:39','',79,NULL,'2','FUNCIONARIO'),(1069,'2','0','2019-10-30','07:26:00',NULL,NULL,NULL,NULL,NULL,NULL,'2019-10-30','17:03:00',NULL,'','',75,NULL,'2','FUNCIONARIO'),(1070,'0',NULL,'2019-10-30','07:24:00','PAULO H',NULL,NULL,NULL,NULL,NULL,'2019-10-30','17:09:00','FERNANDO',NULL,NULL,NULL,14,'2',NULL),(1071,'2','0','2019-10-30','07:39:00',NULL,NULL,NULL,NULL,NULL,NULL,'2019-10-30','17:02:00',NULL,'','',71,NULL,'2','FUNCIONARIO'),(1073,'2','0','2019-10-30','07:54:00',NULL,NULL,NULL,NULL,NULL,NULL,'2019-10-30','17:10:00',NULL,'','',50,NULL,'2','FUNCIONARIO'),(1074,'2','0','2019-10-30','07:59:00',NULL,NULL,NULL,NULL,NULL,NULL,'2019-10-30','12:58:00',NULL,'','',77,NULL,'2','FUNCIONARIO'),(1075,'2','0','2019-10-30','08:01:00',NULL,NULL,NULL,NULL,NULL,NULL,'2019-10-30','17:11:00',NULL,'12:10','',88,NULL,'2','FUNCIONARIO'),(1076,'2','0','2019-10-30','08:43:00',NULL,NULL,NULL,NULL,NULL,NULL,'2019-10-30','15:20:00',NULL,'12:25','',43,NULL,'2','FUNCIONARIO'),(1077,'1',NULL,'2019-10-30','08:10:00',NULL,'CAMINHAO','MIU-3362','GEDIVALTO BORGES MOTA','4590989','REPLAS','2019-10-30','10:55:00',NULL,'','',NULL,NULL,'2','NF:073104/073103 FALAR C/ADILSON OK SILVANA'),(1078,'2','0','2019-10-30','08:48:00',NULL,NULL,NULL,NULL,NULL,NULL,'2019-10-30','15:35:00',NULL,'','',81,NULL,'2','FUNCIONARIO'),(1079,'1',NULL,'2019-10-30','08:08:00',NULL,'CAMINHAO','MKT-4450','CLÉBER FERNANDO DA SILVA ','4433120','TUBO MINAS','2019-10-30','08:46:00',NULL,'','',NULL,NULL,'2','NF:023442 FALAR C/ADILSON OK SILVANA'),(1080,'2','0','2019-10-30','08:51:00',NULL,NULL,NULL,NULL,NULL,NULL,'2019-10-30','17:16:00',NULL,'12:08','12:55',91,NULL,'2','FUNCIONARIO'),(1081,'2','1','2019-10-30','08:53:00',NULL,NULL,'DPU-2121','RONILDO OLIVEIRA','3981642','EDPLAST','2019-10-30','10:01:00',NULL,'','',NULL,NULL,'2','VISITANTE FALAR C/ PAULO LUIS'),(1082,'2','0','2019-10-30','08:57:00',NULL,NULL,NULL,NULL,NULL,NULL,'2019-10-30','17:03:00',NULL,'12:21','12:37',47,NULL,'2','FUNCIONARIO'),(1083,'2','0','2019-10-30','09:45:00',NULL,NULL,NULL,NULL,NULL,NULL,'2019-10-30','11:22:00',NULL,'','',90,NULL,'2','FUNCIONARIO'),(1084,'2','0','2019-10-30','10:07:00',NULL,NULL,NULL,NULL,NULL,NULL,'2019-10-30','16:18:00',NULL,'','',55,NULL,'2','FUNCIONARIO'),(1085,'1',NULL,'2019-10-30','10:09:00',NULL,'CAMINHAO','DPE-8632','MARCERLO GALINARI NETO','63375675','BAERLOCHER','2019-10-30','10:15:00',NULL,'','',NULL,NULL,'2','NF:99655 FALAR C/ADILSON OK SILVANA'),(1086,'2','1','2019-10-30','10:22:00',NULL,NULL,'GIS-6684','PAULO JUBILUT','3627791-5','PERITO','2019-10-30','11:13:00',NULL,'','',NULL,NULL,'2','VISITANTE FALAR C/ FERNANDO'),(1087,'2','1','2019-10-30','10:52:00',NULL,NULL,'QNN-5605','ELIANDRO DIVINO','37046311-0','RL HIGIENE ','2019-10-30','11:14:00',NULL,'','',NULL,NULL,'2','VISITANTE FALAR C/ FERNANDO'),(1088,'2','1','2019-10-30','11:00:00',NULL,NULL,'EUI-5602','MURILO BRITTO','37752752','RESYPAR','2019-10-30','11:52:00',NULL,'','',NULL,NULL,'2','VISITANTE FALAR C/ NEWTON'),(1089,'0',NULL,'2019-10-30','13:17:00','LAGOA',NULL,NULL,NULL,NULL,NULL,'2019-10-30','13:56:00','LAGOA',NULL,NULL,NULL,26,'2',NULL),(1090,'0',NULL,'2019-10-30','13:17:00','LAGOA',NULL,NULL,NULL,NULL,NULL,'2019-10-30','13:56:00','LAGOA',NULL,NULL,NULL,27,'2',NULL),(1091,'2','0','2019-10-30','13:37:00',NULL,NULL,NULL,NULL,NULL,NULL,'2019-10-30','22:45:00',NULL,'','',115,NULL,'2','FUNCIONARIO'),(1092,'2','0','2019-10-30','13:56:00',NULL,NULL,NULL,NULL,NULL,NULL,'2019-10-30','14:32:00',NULL,'','',56,NULL,'2','FUNCIONARIO'),(1093,'2','0','2019-10-30','13:58:00',NULL,NULL,NULL,NULL,NULL,NULL,'2019-10-30','22:45:00',NULL,'','',57,NULL,'2','FUNCIONARIO'),(1094,'2','0','2019-10-30','14:02:00',NULL,NULL,NULL,NULL,NULL,NULL,'2019-10-30','22:47:00',NULL,'','',116,NULL,'2','FUNCIONARIO'),(1095,'2','0','2019-10-30','14:04:00',NULL,NULL,NULL,NULL,NULL,NULL,'2019-10-30','22:46:00',NULL,'','',126,NULL,'2','FUNCIONARIO'),(1096,'0',NULL,'2019-08-01','06:00:00','TESTE-MARCOS',NULL,NULL,NULL,NULL,NULL,'2019-10-30',NULL,NULL,'','',NULL,2,'1',''),(1097,'1',NULL,'2019-10-30','13:10:00',NULL,'CAMINHAO','CDM-9442','GILSON FERREIRA','25813732-0','RESYPAR','2019-10-30','13:25:00',NULL,'','',NULL,NULL,'2','NF:022153 FALAR C/ADILSON OK SILVANA NF022154'),(1098,'1',NULL,'2019-10-30','13:10:00',NULL,'CAMINHAO','ELQ-2680','HEBERT SILVA','48401522','W.V','2019-10-30','13:32:00',NULL,'','',NULL,NULL,'2','NF:06855 FALAR C/ADILSON OK SILVANA'),(1099,'2','1','2019-10-30','13:45:00',NULL,NULL,'DMZ-5753','LAURO DA CRUZ','12460972','CNT','2019-10-30','15:45:00',NULL,'','',NULL,NULL,'2','VISITANTE FALAR C/ ADILSON'),(1100,'1',NULL,'2019-10-30','14:28:00',NULL,'CAMINHAO','CTC-2795','HECTOR RUBIO','43451626-0','RUBIO','2019-10-30','16:10:00',NULL,'','',NULL,NULL,'2','NF:0034 FALAR C/ADILSON OK SILVANA'),(1101,'1',NULL,'2019-10-30','14:28:00',NULL,'CAMINHAO','CLS-1632','ANDRE LUIS DA SILVA','32674048X','TUBOKRAFT','2019-10-30','14:42:00',NULL,'','',NULL,NULL,'2','NF:061630 FALAR C/ADILSON OK SILVANA'),(1102,'0',NULL,'2019-10-30','16:34:00','VASCONCELOS',NULL,NULL,NULL,NULL,NULL,'2019-10-30','16:59:00','VASCONCELOS',NULL,NULL,NULL,30,'2',NULL),(1103,'0',NULL,'2019-10-30','16:57:00','NATALINO',NULL,NULL,NULL,NULL,NULL,'2019-10-30','22:40:00','NATALINO',NULL,NULL,NULL,10,'2',NULL),(1104,'0',NULL,'2019-10-30','18:34:00','EDNILSON',NULL,NULL,NULL,NULL,NULL,'2019-10-30','21:00:00','EDNILSON',NULL,NULL,NULL,29,'2',NULL),(1105,'2','0','2019-10-30','21:55:00',NULL,NULL,NULL,NULL,NULL,NULL,'2019-10-31','06:02:00',NULL,'','',139,NULL,'2','FUNCIONARIO'),(1106,'2','0','2019-10-30','22:05:00',NULL,NULL,NULL,NULL,NULL,NULL,'2019-10-31','06:03:00',NULL,'','',121,NULL,'2','FUNCIONARIO'),(1107,'2','0','2019-10-30','22:17:00',NULL,NULL,NULL,NULL,NULL,NULL,'2019-10-31','06:11:00',NULL,'','',119,NULL,'2','FUNCIONARIO'),(1108,'2','0','2019-10-30','22:27:00',NULL,NULL,NULL,NULL,NULL,NULL,'2019-10-30','22:30:00',NULL,'','',142,NULL,'2','FUNCIONARIO'),(1109,'0',NULL,'2019-10-30','22:31:00','THIAGO',NULL,NULL,NULL,NULL,NULL,'2019-10-31','06:07:00','THIAGO',NULL,NULL,NULL,10,'2',NULL),(1110,'2','0','2019-10-30','22:39:00',NULL,NULL,NULL,NULL,NULL,NULL,'2019-10-30','22:48:00',NULL,'','',118,NULL,'2','FUNCIONARIO'),(1111,'0',NULL,'2019-10-31','02:45:00','THIAGO',NULL,NULL,NULL,NULL,NULL,'2019-10-31','06:07:00','THIAGO',NULL,NULL,NULL,30,'2',NULL),(1112,'2','0','2019-10-31','05:15:00',NULL,NULL,NULL,NULL,NULL,NULL,'2019-10-31','14:41:00',NULL,'12:02','12:19',102,NULL,'2','FUNCIONARIO'),(1113,'2','0','2019-10-31','05:32:00',NULL,NULL,NULL,NULL,NULL,NULL,'2019-10-31','14:23:00',NULL,'11:54','12:58',62,NULL,'2','FUNCIONARIO'),(1114,'2','0','2019-10-31','05:39:00',NULL,NULL,NULL,NULL,NULL,NULL,'2019-10-31','14:24:00',NULL,'','',143,NULL,'2','FUNCIONARIO'),(1115,'2','0','2019-10-31','05:43:00',NULL,NULL,NULL,NULL,NULL,NULL,'2019-10-31','06:18:00',NULL,'','',84,NULL,'2','FUNCIONARIO'),(1116,'2','0','2019-10-31','05:50:00',NULL,NULL,NULL,NULL,NULL,NULL,'2019-10-31','14:27:00',NULL,'11:57','12:22',147,NULL,'2','FUNCIONARIO'),(1117,'2','0','2019-10-31','05:54:00',NULL,NULL,NULL,NULL,NULL,NULL,'2019-10-31','14:12:00',NULL,'','',103,NULL,'2','FUNCIONARIO'),(1118,'0',NULL,'2019-10-31','05:54:00','LAGOA',NULL,NULL,NULL,NULL,NULL,'2019-10-31','22:41:00',NULL,'','',NULL,22,'2',''),(1119,'2','0','2019-10-31','05:56:00',NULL,NULL,NULL,NULL,NULL,NULL,'2019-10-31','14:28:00',NULL,'','',61,NULL,'2','FUNCIONARIO'),(1120,'2','0','2019-10-31','05:59:00',NULL,NULL,NULL,NULL,NULL,NULL,'2019-10-31','12:01:00',NULL,'','',95,NULL,'2','FUNCIONARIO'),(1121,'2','0','2019-10-31','06:03:00',NULL,NULL,NULL,NULL,NULL,NULL,'2019-10-31','14:25:00',NULL,'','',60,NULL,'2','FUNCIONARIO'),(1122,'2','0','2019-10-31','06:11:00',NULL,NULL,NULL,NULL,NULL,NULL,'2019-10-31','16:06:00',NULL,'','',64,NULL,'2','FUNCIONARIO'),(1123,'0',NULL,'2019-10-31','06:12:00','VALDECI',NULL,NULL,NULL,NULL,NULL,'2019-10-31','15:59:00','ALEX',NULL,NULL,NULL,30,'2',NULL),(1124,'0',NULL,'2019-10-31','06:00:00','LURDES',NULL,NULL,NULL,NULL,NULL,'2019-10-31','16:06:00','LURDES',NULL,NULL,NULL,29,'2',NULL),(1125,'2','0','2019-10-31','06:14:00',NULL,NULL,NULL,NULL,NULL,NULL,'2019-10-31','16:01:00',NULL,'','',87,NULL,'2','FUNCIONARIO'),(1126,'2','0','2019-10-31','06:17:00',NULL,NULL,NULL,NULL,NULL,NULL,'2019-10-31','16:07:00',NULL,'','',66,NULL,'2','FUNCIONARIO'),(1127,'2','0','2019-10-31','06:18:00',NULL,NULL,NULL,NULL,NULL,NULL,'2019-10-31','16:08:00',NULL,'','',49,NULL,'2','FUNCIONARIO'),(1128,'2','0','2019-10-31','06:23:00',NULL,NULL,NULL,NULL,NULL,NULL,'2019-10-31','16:20:00',NULL,'','',68,NULL,'2','FUNCIONARIO'),(1129,'2','0','2019-10-31','06:26:00',NULL,NULL,NULL,NULL,NULL,NULL,'2019-10-31','16:04:00',NULL,'','',67,NULL,'2','FUNCIONARIO'),(1130,'2','0','2019-10-31','06:37:00',NULL,NULL,NULL,NULL,NULL,NULL,'2019-10-31','16:03:00',NULL,'','',70,NULL,'2','FUNCIONARIO'),(1131,'2','0','2019-10-31','06:37:00',NULL,NULL,NULL,NULL,NULL,NULL,'2019-10-31','16:03:00',NULL,'','',164,NULL,'2','FUNCIONARIO'),(1132,'2','0','2019-10-31','06:37:00',NULL,NULL,NULL,NULL,NULL,NULL,'2019-10-31','16:03:00',NULL,'','',69,NULL,'2','FUNCIONARIO'),(1133,'2','0','2019-10-31','06:42:00',NULL,NULL,NULL,NULL,NULL,NULL,'2019-10-31','17:00:00',NULL,'','',76,NULL,'2','FUNCIONARIO'),(1134,'2','0','2019-10-31','06:51:00',NULL,NULL,NULL,NULL,NULL,NULL,'2019-10-31','16:24:00',NULL,'','',144,NULL,'2','FUNCIONARIO'),(1135,'2','0','2019-10-31','07:49:00',NULL,NULL,NULL,NULL,NULL,NULL,'2019-10-31','23:08:00',NULL,'','',145,NULL,'2','FUNCIONARIO'),(1136,'2','0','2019-10-31','06:53:00',NULL,NULL,NULL,NULL,NULL,NULL,'2019-10-31','16:03:00',NULL,'','',72,NULL,'2','FUNCIONARIO'),(1137,'2','0','2019-10-31','07:02:00',NULL,NULL,NULL,NULL,NULL,NULL,'2019-10-31','16:00:00',NULL,'','',45,NULL,'2','FUNCIONARIO'),(1138,'2','0','2019-10-31','07:26:00',NULL,NULL,NULL,NULL,NULL,NULL,'2019-10-31','11:35:00',NULL,'10:11','10:44',79,NULL,'2','FUNCIONARIO'),(1139,'2','0','2019-10-31','07:29:00',NULL,NULL,NULL,NULL,NULL,NULL,'2019-10-31','17:00:00',NULL,'','',114,NULL,'2','FUNCIONARIO'),(1140,'0',NULL,'2019-10-31','07:31:00','PAULO H',NULL,NULL,NULL,NULL,NULL,'2019-10-31','17:03:00','FERNANDO',NULL,NULL,NULL,14,'2',NULL),(1141,'2','0','2019-10-31','07:32:00',NULL,NULL,NULL,NULL,NULL,NULL,'2019-10-31','17:00:00',NULL,'','',75,NULL,'2','FUNCIONARIO'),(1142,'2','0','2019-10-31','07:40:00',NULL,NULL,NULL,NULL,NULL,NULL,'2019-10-31','17:02:00',NULL,'','',71,NULL,'2','FUNCIONARIO'),(1143,'2','0','2019-10-31','07:43:00',NULL,NULL,NULL,NULL,NULL,NULL,'2019-10-31','17:01:00',NULL,'','',47,NULL,'2','FUNCIONARIO'),(1144,'2','0','2019-10-31','07:48:00',NULL,NULL,NULL,NULL,NULL,NULL,'2019-10-31','17:00:00',NULL,'','',77,NULL,'2','FUNCIONARIO'),(1145,'2','0','2019-10-31','07:49:00',NULL,NULL,NULL,NULL,NULL,NULL,'2019-10-31','16:12:00',NULL,'','',50,NULL,'2','FUNCIONARIO'),(1146,'2','0','2019-10-31','07:56:00',NULL,NULL,NULL,NULL,NULL,NULL,'2019-10-31','17:23:00',NULL,'12:16','13:07',88,NULL,'2','FUNCIONARIO'),(1147,'2','0','2019-10-31','08:39:00',NULL,NULL,NULL,NULL,NULL,NULL,'2019-10-31','11:49:00',NULL,'','',89,NULL,'2','FUNCIONARIO (MOTORISTA FRANCISCO PAI DO HENRIQUE)'),(1148,'1',NULL,'2019-10-31','07:31:00',NULL,'CAMINHAO','QQV-9350','GABRIEL SILVEIRA ALVES','MG17808088','GIOVANA ANDRADE','2019-10-31','07:42:00',NULL,'','',NULL,NULL,'2','NF: SNF      - FALAR C/ ALEMÃO'),(1149,'1',NULL,'2019-10-31','07:43:00',NULL,'CAMINHAO','DXX-7351','JOSE CARLOS','17687164','CALVO','2019-10-31','07:49:00',NULL,'','',NULL,NULL,'2','NF: 01818841      - FALAR C/ PORTARIA (CESTA BÁSICA MLP) '),(1150,'0',NULL,'2019-10-31','09:03:00','LAGOA',NULL,NULL,NULL,NULL,NULL,'2019-10-31','14:28:00','LAGOA',NULL,NULL,NULL,26,'2',NULL),(1151,'0',NULL,'2019-10-31','09:03:00','LAGOA',NULL,NULL,NULL,NULL,NULL,'2019-10-31','14:28:00','LAGOA',NULL,NULL,NULL,27,'2',NULL),(1152,'2','0','2019-10-31','09:35:00',NULL,NULL,NULL,NULL,NULL,NULL,'2019-10-31','13:14:00',NULL,'','',91,NULL,'2','FUNCIONARIO'),(1153,'2','0','2019-10-31','09:49:00',NULL,NULL,NULL,NULL,NULL,NULL,'2019-10-31','16:32:00',NULL,'','',81,NULL,'2','FUNCIONARIO'),(1154,'2','0','2019-10-31','09:59:00',NULL,NULL,NULL,NULL,NULL,NULL,'2019-10-31','16:39:00',NULL,'12:09','12:59',43,NULL,'2','FUNCIONARIO'),(1155,'1',NULL,'2019-10-31','09:56:00',NULL,'CAMINHAO','EJV-2303','MARCOS SOARES DA SILVA','30079508','GUEDES','2019-10-31','10:27:00',NULL,'','',NULL,NULL,'2','NF: SNF      - FALAR C/ ALEMÃO'),(1156,'2','1','2019-10-31','10:43:00',NULL,NULL,'QUD-5246','ELISA MOREIRA','29137111-5','REGLER','2019-10-31','10:52:00',NULL,'','',NULL,NULL,'2','VISITANTE FALAR C/ ROMEU'),(1157,'1',NULL,'2019-10-31','10:43:00',NULL,'CARRO','LPO-5542','ANDRE MELLO','41272128-4','WAZI','2019-10-31','10:53:00',NULL,'','',NULL,NULL,'2','NF: 02463      - FALAR C/ MARCOS'),(1158,'2','0','2019-10-31','12:08:00',NULL,NULL,NULL,NULL,NULL,NULL,'2019-10-31','14:56:00',NULL,'','',79,NULL,'2','FUNCIONARIO'),(1159,'1',NULL,'2019-10-31','11:21:00',NULL,'CAMINHAO','BVM-4682','ANDRE LUIS DA SILVA','32674048X','TUBOKRAFT','2019-10-31','12:06:00',NULL,'','',NULL,NULL,'2','NF: 061650      - FALAR C/ ADILSON'),(1160,'1',NULL,'2019-10-31','12:06:00',NULL,'CAMINHAO','CBW-6881','ALFREDO DA SILVA','14491695','COMERCIAL ESPERANÇA ','2019-10-31','12:20:00',NULL,'','',NULL,NULL,'2','NF: 05918811/05918812     - FALAR C/ ADILSON'),(1161,'2','0','2019-10-31','13:15:00',NULL,NULL,NULL,NULL,NULL,NULL,'2019-10-31','13:22:00',NULL,'','',96,NULL,'2','FUNCIONARIO'),(1162,'2','0','2019-10-31','13:52:00',NULL,NULL,NULL,NULL,NULL,NULL,'2019-10-31','13:53:00',NULL,'','',146,NULL,'2','FUNCIONARIO'),(1163,'2','0','2019-10-31','14:06:00',NULL,NULL,NULL,NULL,NULL,NULL,'2019-10-31','22:46:00',NULL,'','',57,NULL,'2','FUNCIONARIO'),(1164,'2','0','2019-10-31','14:09:00',NULL,NULL,NULL,NULL,NULL,NULL,'2019-10-31','22:45:00',NULL,'','',126,NULL,'2','FUNCIONARIO'),(1165,'2','0','2019-10-31','14:15:00',NULL,NULL,NULL,NULL,NULL,NULL,'2019-10-31','22:45:00',NULL,'','',116,NULL,'2','FUNCIONARIO'),(1166,'2','0','2019-10-31','14:30:00',NULL,NULL,NULL,NULL,NULL,NULL,'2019-10-31','14:32:00',NULL,'','',118,NULL,'2','FUNCIONARIO'),(1167,'1',NULL,'2019-10-31','14:06:00',NULL,'CAMINHAO','PPY-9447','DENILTON PERI','1670863','MOXUARA','2019-10-31','14:21:00',NULL,'','',NULL,NULL,'2','NF: SNF      - FALAR C/ ALEMÃO'),(1168,'1',NULL,'2019-10-31','13:12:00',NULL,'CAMINHAO','TUT-9375','JOÃO DONIZETTI SILVA','8505399','GENERAL MILLS','2019-10-31','13:21:00',NULL,'','',NULL,NULL,'2','NF: SNS      - FALAR C/ ALEMÃO'),(1169,'2','0','2019-10-31','14:50:00',NULL,NULL,NULL,NULL,NULL,NULL,'2019-10-31','21:10:00',NULL,'','',152,NULL,'2','FUNCIONARIO'),(1170,'1',NULL,'2019-10-31','15:30:00',NULL,'CAMINHAO','CDM-8658','WILLIAN DIAS CIQUER','28372707','G8 PALETES','2019-10-31','16:13:00',NULL,'','',NULL,NULL,'2','NF: SNF     - FALAR C/ ADILSON'),(1171,'1',NULL,'2019-10-31','15:10:00',NULL,'CAMINHAO','OQT-0991','JOÃO BATISTA PEREIRA BUENO','M5257710','NUTRIMIX','2019-10-31','16:28:00',NULL,'','',NULL,NULL,'2','NF: SNF     - FALAR C/ NILTON MAIA'),(1172,'1',NULL,'2019-10-31','16:53:00',NULL,'CAMINHAO','EZE-5262','WESLEN ROBERTO BRITO DE SOUZA','26212125','DOCE BRINQUEDOS','2019-10-31','17:13:00',NULL,'','',NULL,NULL,'2','NF: SNF      - FALAR C/ NILTON MAIA'),(1173,'1',NULL,'2019-10-31','16:56:00',NULL,'CAMINHAO','EFO-8678','ADRIANO DE ASSIS TEDESHI','16107440','GLYCERO',NULL,NULL,NULL,NULL,NULL,NULL,NULL,'1','NF:05599      - FALAR C/ NILTON MAIA'),(1174,'0',NULL,'2019-10-31','18:15:00','1800',NULL,NULL,NULL,NULL,NULL,'2019-10-31','18:20:00','EDNILSON',NULL,NULL,NULL,29,'2',NULL),(1175,'2','0','2019-10-31','21:58:00',NULL,NULL,NULL,NULL,NULL,NULL,'2019-11-01','06:10:00',NULL,'','',139,NULL,'2','FUNCIONARIO'),(1176,'2','0','2019-10-31','22:03:00',NULL,NULL,NULL,NULL,NULL,NULL,'2019-11-01','06:10:00',NULL,'','',121,NULL,'2','FUNCIONARIO'),(1177,'2','0','2019-10-31','22:13:00',NULL,NULL,NULL,NULL,NULL,NULL,'2019-11-01','06:10:00',NULL,'','',119,NULL,'2','FUNCIONARIO'),(1178,'2','0','2019-10-31','22:29:00',NULL,NULL,NULL,NULL,NULL,NULL,'2019-10-31','22:33:00',NULL,'','',142,NULL,'2','FUNCIONARIO'),(1179,'2','0','2019-10-31','22:30:00',NULL,NULL,NULL,NULL,NULL,NULL,'2019-11-01','06:10:00',NULL,'','',135,NULL,'2','FUNCIONARIO'),(1180,'0',NULL,'2019-10-31','22:32:00','THIAGO',NULL,NULL,NULL,NULL,NULL,'2019-11-01','00:00:00','THIAGO',NULL,NULL,NULL,10,'2',NULL),(1181,'0',NULL,'2019-10-31','22:32:00','THIAGO',NULL,NULL,NULL,NULL,NULL,'2019-11-01','06:10:00','THIAGO',NULL,NULL,NULL,21,'2',NULL),(1182,'2','0','2019-10-31','22:35:00',NULL,NULL,NULL,NULL,NULL,NULL,'2019-10-31','22:48:00',NULL,'','',118,NULL,'2','FUNCIONARIO'),(1183,'2','0','2019-10-31','23:39:00',NULL,NULL,NULL,NULL,NULL,NULL,'2019-11-01','06:10:00',NULL,'','',50,NULL,'2','FUNCIONARIO'),(1184,'2','0','2019-11-01','05:23:00',NULL,NULL,NULL,NULL,NULL,NULL,'2019-11-01','14:30:00',NULL,'','',62,NULL,'2','FUNCIONARIO'),(1185,'2','0','2019-11-01','05:24:00',NULL,NULL,NULL,NULL,NULL,NULL,'2019-11-01','14:30:00',NULL,'','',102,NULL,'2','FUNCIONARIO'),(1186,'2','0','2019-11-01','05:33:00',NULL,NULL,NULL,NULL,NULL,NULL,'2019-11-01','15:10:00',NULL,'','',110,NULL,'2','FUNCIONARIO'),(1187,'2','0','2019-11-01','05:48:00',NULL,NULL,NULL,NULL,NULL,NULL,'2019-11-01','06:15:00',NULL,'','',134,NULL,'2','FUNCIONARIO'),(1188,'2','0','2019-11-01','05:54:00',NULL,NULL,NULL,NULL,NULL,NULL,'2019-11-01','14:30:00',NULL,'','',60,NULL,'2','FUNCIONARIO'),(1189,'2','0','2019-11-01','05:55:00',NULL,NULL,NULL,NULL,NULL,NULL,'2019-11-01','14:30:00',NULL,'','',103,NULL,'2','FUNCIONARIO'),(1190,'2','0','2019-11-01','05:56:00',NULL,NULL,NULL,NULL,NULL,NULL,'2019-11-01','14:30:00',NULL,'','',63,NULL,'2','FUNCIONARIO'),(1191,'2','0','2019-11-01','05:57:00',NULL,NULL,NULL,NULL,NULL,NULL,'2019-11-01','14:35:00',NULL,'','',61,NULL,'2','FUNCIONARIO'),(1192,'2','0','2019-11-01','06:05:00',NULL,NULL,NULL,NULL,NULL,NULL,'2019-11-01','16:10:00',NULL,'','',65,NULL,'2','FUNCIONARIO'),(1193,'2','0','2019-11-01','06:08:00',NULL,NULL,NULL,NULL,NULL,NULL,'2019-11-01','16:00:00',NULL,'','',64,NULL,'2','FUNCIONARIO'),(1194,'2','0','2019-11-01','06:09:00',NULL,NULL,NULL,NULL,NULL,NULL,'2019-11-01','16:00:00',NULL,'','',76,NULL,'2','FUNCIONARIO'),(1195,'2','0','2019-11-01','06:15:00',NULL,NULL,NULL,NULL,NULL,NULL,'2019-11-01','16:00:00',NULL,'','',49,NULL,'2','FUNCIONARIO'),(1196,'2','0','2019-11-01','06:17:00',NULL,NULL,NULL,NULL,NULL,NULL,'2019-11-01','16:10:00',NULL,'','',66,NULL,'2','FUNCIONARIO'),(1197,'2','0','2019-11-01','06:18:00',NULL,NULL,NULL,NULL,NULL,NULL,'2019-11-01','15:59:00',NULL,'','',87,NULL,'2','FUNCIONARIO'),(1198,'2','0','2019-11-01','06:19:00',NULL,NULL,NULL,NULL,NULL,NULL,'2019-11-01','14:30:00',NULL,'','',95,NULL,'2','FUNCIONARIO'),(1199,'2','0','2019-11-01','06:23:00',NULL,NULL,NULL,NULL,NULL,NULL,'2019-11-01','16:00:00',NULL,'','',67,NULL,'2','FUNCIONARIO'),(1200,'2','0','2019-11-01','06:37:00',NULL,NULL,NULL,NULL,NULL,NULL,'2019-11-01','16:05:00',NULL,'','',69,NULL,'2','FUNCIONARIO'),(1201,'2','0','2019-11-01','06:39:00',NULL,NULL,NULL,NULL,NULL,NULL,'2019-11-01','16:00:00',NULL,'','',157,NULL,'2','FUNCIONARIO'),(1202,'2','0','2019-11-01','06:40:00',NULL,NULL,NULL,NULL,NULL,NULL,'2019-11-01','16:00:00',NULL,'','',71,NULL,'2','FUNCIONARIO'),(1203,'2','0','2019-11-01','06:42:00',NULL,NULL,NULL,NULL,NULL,NULL,'2019-11-01','16:00:00',NULL,'','',164,NULL,'2','FUNCIONARIO'),(1204,'2','0','2019-11-01','06:46:00',NULL,NULL,NULL,NULL,NULL,NULL,'2019-11-01','16:00:00',NULL,'','',72,NULL,'2','FUNCIONARIO'),(1205,'2','0','2019-11-01','06:49:00',NULL,NULL,NULL,NULL,NULL,NULL,'2019-11-01','16:00:00',NULL,'','',75,NULL,'2','FUNCIONARIO'),(1206,'2','0','2019-11-01','06:52:00',NULL,NULL,NULL,NULL,NULL,NULL,'2019-11-01','07:30:00',NULL,'','',144,NULL,'2','FUNCIONARIO'),(1207,'2','0','2019-11-01','07:00:00',NULL,NULL,NULL,NULL,NULL,NULL,'2019-11-01','16:00:00',NULL,'','',68,NULL,'2','FUNCIONARIO'),(1208,'2','0','2019-11-01','07:06:00',NULL,NULL,NULL,NULL,NULL,NULL,'2019-11-01','16:00:00',NULL,'','',77,NULL,'2','FUNCIONARIO'),(1209,'2','0','2019-11-01','07:07:00',NULL,NULL,NULL,NULL,NULL,NULL,'2019-11-01','16:10:00',NULL,'','',88,NULL,'2','FUNCIONARIO'),(1210,'2','0','2019-11-01','07:11:00',NULL,NULL,NULL,NULL,NULL,NULL,'2019-11-01','16:00:00',NULL,'','',45,NULL,'2','FUNCIONARIO'),(1211,'2','0','2019-11-01','07:19:00',NULL,NULL,NULL,NULL,NULL,NULL,'2019-11-01','16:00:00',NULL,'','',47,NULL,'2','FUNCIONARIO'),(1212,'1',NULL,'2019-11-01','07:27:00',NULL,'CAMINHAO','ETH7893','DORIVAL','239822791','BAND','2019-11-01','08:40:00',NULL,'','',NULL,NULL,'2','NF:      - FALAR C/ALEMAO'),(1213,'1',NULL,'2019-11-01','09:24:00',NULL,'CAMINHAO','CMY4085','JOAO','5932205','OESTE','2019-11-01','09:33:00',NULL,'','',NULL,NULL,'2','NF:40606 FALAR C/ALEX- OK SILVANA'),(1214,'1',NULL,'2019-11-01','09:28:00',NULL,'CARRO','FSF7960','JOAO  APARECIDO','521538233','REPAROL','2019-11-01','09:40:00',NULL,'','',NULL,NULL,'2','NF:305652 FALAR C/ADILSON- OK SILVANA'),(1215,'2','0','2019-11-01','08:35:00',NULL,NULL,NULL,NULL,NULL,NULL,'2019-11-01','13:34:00',NULL,'','',79,NULL,'2','FUNCIONARIO'),(1216,'2','0','2019-11-01','09:08:00',NULL,NULL,NULL,NULL,NULL,NULL,'2019-11-01','15:36:00',NULL,'','',55,NULL,'2','FUNCIONARIO'),(1217,'2','0','2019-11-01','08:30:00',NULL,NULL,NULL,NULL,NULL,NULL,'2019-11-01','09:07:00',NULL,'','',169,NULL,'2','FUNCIONARIO'),(1218,'1',NULL,'2019-11-01','09:48:00',NULL,'CAMINHAO','PYP2223','WILIAN','13628273','WR  EMBALAGEN','2019-11-01','10:23:00',NULL,'','',NULL,NULL,'2','NF:      - FALAR C/ALEMAO'),(1219,'2','0','2019-11-01','09:58:00',NULL,NULL,NULL,NULL,NULL,NULL,'2019-11-01','15:36:00',NULL,'','',54,NULL,'2','FUNCIONARIO'),(1220,'1',NULL,'2019-11-01','10:40:00',NULL,'CAMINHAO','LBS4945','GENESIS  ANTONIOVIEIRA  DESALES','413991064','VIP  EMBALAGENS','2019-11-01','11:30:00',NULL,'','',NULL,NULL,'2','NF:449347 FALAR C/ADILSON- OK SILVANA'),(1221,'2','0','2019-11-01','11:13:00',NULL,NULL,NULL,NULL,NULL,NULL,'2019-11-01','21:01:00',NULL,'','',91,NULL,'2','FUNCIONARIO'),(1222,'1',NULL,'2019-11-01','13:04:00',NULL,'CAMINHAO','CZM7450','MARCOS  ANTONIO','6715730','PALEBRAS','2019-11-01','13:34:00',NULL,'','',NULL,NULL,'2','NF:34566 FALAR C/ADILSON- OK SILVANA'),(1223,'2','0','2019-11-01','13:28:00',NULL,NULL,NULL,NULL,NULL,NULL,'2019-11-01','16:10:00',NULL,'','',43,NULL,'2','FUNCIONARIO'),(1224,'1',NULL,'2019-11-01','13:45:00',NULL,'CAMINHAO','LNT9079','GERALDO','29355716','GAS  BARBOSA','2019-11-01','14:00:00',NULL,'','',NULL,NULL,'2','NF:      - FALAR C/ADOLSON'),(1225,'2','0','2019-11-01','13:54:00',NULL,NULL,NULL,NULL,NULL,NULL,'2019-11-01','14:00:00',NULL,'','',167,NULL,'2','FUNCIONARIO'),(1226,'2','0','2019-11-01','14:01:00',NULL,NULL,NULL,NULL,NULL,NULL,'2019-11-01','22:45:00',NULL,'','',57,NULL,'2','FUNCIONARIO'),(1227,'2','0','2019-11-01','14:03:00',NULL,NULL,NULL,NULL,NULL,NULL,'2019-11-01','22:45:00',NULL,'','',126,NULL,'2','FUNCIONARIO'),(1228,'2','0','2019-11-01','14:09:00',NULL,NULL,NULL,NULL,NULL,NULL,'2019-11-01','22:44:00',NULL,'19:00','19:44',129,NULL,'2','FUNCIONARIO'),(1229,'2','0','2019-11-01','14:09:00',NULL,NULL,NULL,NULL,NULL,NULL,'2019-11-01','22:59:00',NULL,'','',116,NULL,'2','FUNCIONARIO'),(1230,'2','0','2019-11-01','14:20:00',NULL,NULL,NULL,NULL,NULL,NULL,'2019-11-01','14:38:00',NULL,'','',118,NULL,'2','FUNCIONARIO'),(1231,'2','0','2019-11-01','14:22:00',NULL,NULL,NULL,NULL,NULL,NULL,'2019-11-01','22:57:00',NULL,'19:43','20:41',127,NULL,'2','FUNCIONARIO'),(1232,'2','0','2019-11-01','15:03:00',NULL,NULL,NULL,NULL,NULL,NULL,'2019-11-01','20:59:00',NULL,'','',152,NULL,'2','FUNCIONARIO'),(1233,'1',NULL,'2019-11-01','15:24:00',NULL,'CAMINHAO','BXF5340','LEANDRO  BATISTA  DE  CAMPOS','43105180X','PACK  SERVEN','2019-11-01','15:50:00',NULL,'','',NULL,NULL,'2','NF:137607 FALAR C/ADILSON- OK SILVANA'),(1234,'0',NULL,'2019-11-01','06:00:00','ALEMAO',NULL,NULL,NULL,NULL,NULL,'2019-11-01','15:00:00','ALEMAO',NULL,NULL,NULL,21,'2',NULL),(1235,'0',NULL,'2019-11-01','06:00:00','ALEMAO',NULL,NULL,NULL,NULL,NULL,'2019-11-01','15:00:00','ALEMO',NULL,NULL,NULL,23,'2',NULL),(1236,'0',NULL,'2019-11-01','06:00:00','LURDES',NULL,NULL,NULL,NULL,NULL,'2019-11-01','16:00:00','LURDES',NULL,NULL,NULL,29,'2',NULL),(1237,'0',NULL,'2019-11-01','06:10:00','VALDECI',NULL,NULL,NULL,NULL,NULL,'2019-11-01','16:00:00','ALEX',NULL,NULL,NULL,30,'2',NULL),(1238,'0',NULL,'2019-11-01','06:40:00','RIBAMAR',NULL,NULL,NULL,NULL,NULL,'2019-11-01','16:00:00','RIBAMAR',NULL,NULL,NULL,24,'2',NULL),(1239,'0',NULL,'2019-11-01','06:00:00','LAGOA',NULL,NULL,NULL,NULL,NULL,'2019-11-01','14:30:00','LAGOA',NULL,NULL,NULL,22,'2',NULL),(1240,'0',NULL,'2019-11-01','15:00:00','NILTN  M',NULL,NULL,NULL,NULL,NULL,'2019-11-02','05:41:00','THIAGO',NULL,NULL,NULL,21,'2',NULL),(1241,'0',NULL,'2019-11-01','15:00:00','NILTON  M',NULL,NULL,NULL,NULL,NULL,'2019-11-02','05:41:00','THIAGO',NULL,NULL,NULL,23,'2',NULL),(1242,'0',NULL,'2019-11-01','14:30:00','VASCONCELO',NULL,NULL,NULL,NULL,NULL,'2019-11-01','22:40:00','VASCONCELOS',NULL,NULL,NULL,22,'2',NULL),(1243,'0',NULL,'2019-11-01','18:11:00','EDENILSON',NULL,NULL,NULL,NULL,NULL,'2019-11-01','20:36:00','EDENILSON',NULL,NULL,NULL,29,'2',NULL),(1244,'0',NULL,'2019-11-01','21:01:00','NILTON MAIA',NULL,NULL,NULL,NULL,NULL,'2019-11-02','05:40:00','THIAGO',NULL,NULL,NULL,25,'2',NULL),(1245,'2','0','2019-11-01','22:00:00',NULL,NULL,NULL,NULL,NULL,NULL,'2019-11-02','06:00:00',NULL,'','',139,NULL,'2','FUNCIONARIO'),(1246,'2','0','2019-11-01','22:01:00',NULL,NULL,NULL,NULL,NULL,NULL,'2019-11-02','06:00:00',NULL,'','',141,NULL,'2','FUNCIONARIO'),(1247,'2','0','2019-11-01','22:22:00',NULL,NULL,NULL,NULL,NULL,NULL,'2019-11-01','22:47:00',NULL,'','',84,NULL,'2','FUNCIONARIO'),(1248,'2','0','2019-11-01','22:26:00',NULL,NULL,NULL,NULL,NULL,NULL,'2019-11-02','06:00:00',NULL,'','',119,NULL,'2','FUNCIONARIO'),(1249,'2','0','2019-11-01','22:31:00',NULL,NULL,NULL,NULL,NULL,NULL,'2019-11-01','22:37:00',NULL,'','',142,NULL,'2','FUNCIONARIO'),(1250,'2','0','2019-11-02','05:58:00',NULL,NULL,NULL,NULL,NULL,NULL,'2019-11-02',NULL,NULL,'','06:04',118,NULL,'1','FUNCIONARIO'),(1251,'2','0','2019-11-04','05:14:00',NULL,NULL,NULL,NULL,NULL,NULL,'2019-11-04','14:45:00',NULL,'','',102,NULL,'2','FUNCIONARIO'),(1252,'2','0','2019-11-04','05:20:00',NULL,NULL,NULL,NULL,NULL,NULL,'2019-11-04','14:25:00',NULL,'','',95,NULL,'2','FUNCIONARIO'),(1253,'0',NULL,'2019-11-04','05:35:00','ALEMAO',NULL,NULL,NULL,NULL,NULL,'2019-11-04','16:00:00','ALEMAO',NULL,NULL,NULL,21,'2',NULL),(1254,'0',NULL,'2019-11-04','05:36:00','ALEMAO',NULL,NULL,NULL,NULL,NULL,'2019-11-04','05:40:00','ALEMAO',NULL,NULL,NULL,21,'2',NULL),(1255,'2','0','2019-11-04','05:37:00',NULL,NULL,NULL,NULL,NULL,NULL,'2019-11-04','14:45:00',NULL,'','',59,NULL,'2','FUNCIONARIO'),(1256,'2','0','2019-11-04','05:47:00',NULL,NULL,NULL,NULL,NULL,NULL,'2019-11-04','14:29:00',NULL,'','',147,NULL,'2','FUNCIONARIO'),(1257,'2','0','2019-11-04','05:47:00',NULL,NULL,NULL,NULL,NULL,NULL,'2019-11-04','05:01:00',NULL,'','',134,NULL,'2','FUNCIONARIO'),(1258,'2','0','2019-11-04','05:54:00',NULL,NULL,NULL,NULL,NULL,NULL,'2019-11-04','14:28:00',NULL,'','',143,NULL,'2','FUNCIONARIO'),(1259,'2','0','2019-11-04','05:58:00',NULL,NULL,NULL,NULL,NULL,NULL,'2019-11-04','14:30:00',NULL,'','',61,NULL,'2','FUNCIONARIO'),(1260,'2','0','2019-11-04','06:01:00',NULL,NULL,NULL,NULL,NULL,NULL,'2019-11-04','14:37:00',NULL,'','',103,NULL,'2','FUNCIONARIO'),(1261,'2','0','2019-11-04','06:06:00',NULL,NULL,NULL,NULL,NULL,NULL,'2019-11-04','17:00:00',NULL,'','',75,NULL,'2','FUNCIONARIO'),(1262,'2','0','2019-11-04','06:07:00',NULL,NULL,NULL,NULL,NULL,NULL,'2019-11-04','17:00:00',NULL,'','',64,NULL,'2','FUNCIONARIO'),(1263,'2','0','2019-11-04','06:10:00',NULL,NULL,NULL,NULL,NULL,NULL,'2019-11-04','17:00:00',NULL,'','',76,NULL,'2','FUNCIONARIO'),(1264,'2','0','2019-11-04','06:15:00',NULL,NULL,NULL,NULL,NULL,NULL,'2019-11-04','17:00:00',NULL,'','',65,NULL,'2','FUNCIONARIO'),(1265,'2','0','2019-11-04','06:16:00',NULL,NULL,NULL,NULL,NULL,NULL,'2019-11-04','16:47:00',NULL,'','',87,NULL,'2','FUNCIONARIO'),(1266,'2','0','2019-11-04','06:17:00',NULL,NULL,NULL,NULL,NULL,NULL,'2019-11-04','17:05:00',NULL,'','',66,NULL,'2','FUNCIONARIO'),(1267,'2','0','2019-11-04','06:19:00',NULL,NULL,NULL,NULL,NULL,NULL,'2019-11-04','14:30:00',NULL,'','',49,NULL,'2','FUNCIONARIO'),(1268,'2','0','2019-11-04','06:26:00',NULL,NULL,NULL,NULL,NULL,NULL,'2019-11-04','17:08:00',NULL,'','',67,NULL,'2','FUNCIONARIO'),(1269,'2','0','2019-11-04','06:27:00',NULL,NULL,NULL,NULL,NULL,NULL,'2019-11-04','14:30:00',NULL,'','',60,NULL,'2','FUNCIONARIO'),(1270,'2','0','2019-11-04','06:40:00',NULL,NULL,NULL,NULL,NULL,NULL,'2019-11-04','17:05:00',NULL,'','',69,NULL,'2','FUNCIONARIO'),(1271,'2','0','2019-11-04','06:44:00',NULL,NULL,NULL,NULL,NULL,NULL,'2019-11-04','17:00:00',NULL,'17:00','',72,NULL,'2','FUNCIONARIO'),(1272,'2','0','2019-11-04','06:46:00',NULL,NULL,NULL,NULL,NULL,NULL,'2019-11-04','17:07:00',NULL,'','',70,NULL,'2','FUNCIONARIO'),(1273,'2','0','2019-11-04','06:50:00',NULL,NULL,NULL,NULL,NULL,NULL,'2019-11-04','17:10:00',NULL,'','',50,NULL,'2','FUNCIONARIO'),(1274,'2','0','2019-11-04','06:52:00',NULL,NULL,NULL,NULL,NULL,NULL,'2019-11-04','17:05:00',NULL,'','',164,NULL,'2','FUNCIONARIO'),(1275,'2','0','2019-11-04','06:53:00',NULL,NULL,NULL,NULL,NULL,NULL,'2019-11-04','17:10:00',NULL,'','',68,NULL,'2','FUNCIONARIO'),(1276,'2','0','2019-11-04','06:54:00',NULL,NULL,NULL,NULL,NULL,NULL,'2019-11-04','17:06:00',NULL,'','',100,NULL,'2','FUNCIONARIO'),(1277,'2','0','2019-11-04','07:02:00',NULL,NULL,NULL,NULL,NULL,NULL,'2019-11-04','17:05:00',NULL,'','',45,NULL,'2','FUNCIONARIO'),(1278,'2','0','2019-11-04','07:06:00',NULL,NULL,NULL,NULL,NULL,NULL,'2019-11-04','13:00:00',NULL,'','',79,NULL,'2','FUNCIONARIO'),(1279,'2','0','2019-11-04','07:11:00',NULL,NULL,NULL,NULL,NULL,NULL,'2019-11-04','17:00:00',NULL,'','',47,NULL,'2','FUNCIONARIO'),(1280,'1',NULL,'2019-11-04','07:48:00',NULL,'CAMINHAO','LZN3632','NILO','179328','TUBOMINAS','2019-11-04','08:30:00',NULL,'','',NULL,NULL,'2','NF:   23486/23488   - FALAR C/ADILSOM'),(1281,'2','0','2019-11-04','08:11:00',NULL,NULL,NULL,NULL,NULL,NULL,'2019-11-04','19:40:00',NULL,'','',89,NULL,'2','FUNCIONARIO'),(1282,'1',NULL,'2019-11-04','08:29:00',NULL,'CAMINHAO','BTU4278','BRUNO','354834009','LUMINAR','2019-11-04','08:50:00',NULL,'','',NULL,NULL,'2','NF:  149318    - FALAR C/ADILSON'),(1283,'2','0','2019-11-04','08:20:00',NULL,NULL,NULL,NULL,NULL,NULL,'2019-11-04','02:08:00',NULL,'','',170,NULL,'2','FUNCIONARIO'),(1284,'1',NULL,'2019-11-04','08:37:00',NULL,'CAMINHAO','DPC7212','JOSE  SERGIO','15154880','MAQUINAS  MIRUNA','2019-11-04','09:00:00',NULL,'','',NULL,NULL,'2','NF:  121176    - FALAR C/ADILSON'),(1285,'1',NULL,'2019-11-04','08:42:00',NULL,'CAMINHAO','QJV5400','MAYCON','45724415','BRASKEM','2019-11-04','11:38:00',NULL,'','',NULL,NULL,'2','NF:  252229/252262    - FALAR C/AILSON'),(1286,'2','0','2019-11-04','08:57:00',NULL,NULL,NULL,NULL,NULL,NULL,'2019-11-04','09:25:00',NULL,'','',171,NULL,'2','FUNCIONARIO'),(1287,'2','0','2019-11-04','08:58:00',NULL,NULL,NULL,NULL,NULL,NULL,'2019-11-04','10:44:00',NULL,'','',101,NULL,'2','FUNCIONARIO'),(1288,'2','0','2019-11-04','09:01:00',NULL,NULL,NULL,NULL,NULL,NULL,'2019-11-04','14:25:00',NULL,'','',55,NULL,'2','FUNCIONARIO'),(1289,'1',NULL,'2019-11-04','09:49:00',NULL,'CAMINHAO','FGX2590','MICHEL SILVA  DIAS','348731279','VIP  EMBALAGENS','2019-11-04','10:30:00',NULL,'','',NULL,NULL,'2','NF:   449663 /449664  - FALAR C/ADILSON'),(1290,'2','0','2019-11-04','10:06:00',NULL,NULL,NULL,NULL,NULL,NULL,'2019-11-04','16:00:00',NULL,'','',43,NULL,'2','FUNCIONARIO'),(1291,'2','0','2019-11-04','10:18:00',NULL,NULL,NULL,NULL,NULL,NULL,'2019-11-04','20:00:00',NULL,'','',91,NULL,'2','FUNCIONARIO'),(1292,'1',NULL,'2019-11-04','10:55:00',NULL,'CAMINHAO','CDM9442','GILSON','258137320','RESIPAR','2019-11-04','11:12:00',NULL,'','',NULL,NULL,'2','NF:      22163- FALAR C/ADILSON'),(1293,'1',NULL,'2019-11-04','11:13:00',NULL,'CAMINHAO','CNR4144','LUIS  ROBERTO','220427343','DPV','2019-11-04','11:35:00',NULL,'','',NULL,NULL,'2','NF: 81749     - FALAR C/ADILSON'),(1294,'1',NULL,'2019-11-04','11:38:00',NULL,'CAMINHAO','FOU7507','EDNALDO  APARECIDO  DA  SILVA','430072405','BBC','2019-11-04','13:00:00',NULL,'','',NULL,NULL,'2','NF:  45052    - FALAR C/ADILSON'),(1295,'1',NULL,'2019-11-04','13:06:00',NULL,'CAMINHAO','DTE3539','PAULO  CESAR','16875633','REDIL','2019-11-04','13:30:00',NULL,'','',NULL,NULL,'2','NF:      - FALAR C/COLETAR'),(1296,'1',NULL,'2019-11-04','13:12:00',NULL,'CAMINHAO','IRD1050','MAIKELPUJOL','3074324439','EXPORTAÇAO',NULL,NULL,NULL,NULL,NULL,NULL,NULL,'1','NF:      - FALAR C/ALEMAO'),(1297,'1',NULL,'2019-11-04','13:15:00',NULL,'CAMINHAO','GGO4749','IZAC','351055617','OTIMISA','2019-11-04','13:25:00',NULL,'','',NULL,NULL,'2','NF:    6853  - FALAR C/ADILSON'),(1298,'1',NULL,'2019-11-04','13:20:00',NULL,'CAMINHAO','EWU0499','PAULO  MECIAS  DE  OLIVEIRA','16535260','TIN  QUIMICA','2019-11-04','13:40:00',NULL,'','',NULL,NULL,'2','NF:   4715   - FALAR C/ADILSON'),(1299,'1',NULL,'2019-11-04','13:23:00',NULL,'CAMINHAO','EFU4470','JOAO  CARLOS','53951529','RL  HIGIENE','2019-11-04','13:54:00',NULL,'','',NULL,NULL,'2','NF:209259      - FALAR C/ADILSON'),(1300,'2','0','2019-11-04','13:43:00',NULL,NULL,NULL,NULL,NULL,NULL,'2019-11-04','22:45:00',NULL,'','',115,NULL,'2','FUNCIONARIO'),(1301,'2','0','2019-11-04','14:03:00',NULL,NULL,NULL,NULL,NULL,NULL,'2019-11-04','22:46:00',NULL,'','',57,NULL,'2','FUNCIONARIO'),(1302,'2','0','2019-11-04','14:05:00',NULL,NULL,NULL,NULL,NULL,NULL,'2019-11-04','14:07:00',NULL,'','',137,NULL,'2','FUNCIONARIO'),(1303,'2','0','2019-11-04','14:12:00',NULL,NULL,NULL,NULL,NULL,NULL,'2019-11-04','14:35:00',NULL,'','',146,NULL,'2','FUNCIONARIO'),(1304,'2','0','2019-11-04','14:13:00',NULL,NULL,NULL,NULL,NULL,NULL,'2019-11-04','22:47:00',NULL,'','',126,NULL,'2','FUNCIONARIO'),(1305,'2','0','2019-11-04','14:36:00',NULL,NULL,NULL,NULL,NULL,NULL,'2019-11-04','22:45:00',NULL,'','',116,NULL,'2','FUNCIONARIO'),(1306,'2','0','2019-11-04','15:08:00',NULL,NULL,NULL,NULL,NULL,NULL,'2019-11-04','21:00:00',NULL,'','',152,NULL,'2','FUNCIONARIO'),(1307,'1',NULL,'2019-11-04','15:20:00',NULL,'CAMINHAO','EWJ0132','GILSON','554380286','FRIGELAR','2019-11-04','15:45:00',NULL,'','',NULL,NULL,'2','NF:223113    - FALAR C/ADILSON'),(1308,'1',NULL,'2019-11-04','16:05:00',NULL,'CAMINHAO','HTP7892','FELISBERTO  LOURENÇO','417227942','BRASKEM',NULL,NULL,NULL,NULL,NULL,NULL,NULL,'1','NF: 252473     - FALAR C/ADILSON'),(1309,'1',NULL,'2019-11-04','16:12:00',NULL,'CAMINHAO','DZI4580','SEVERINO  RAMOS','183716266','BBA','2019-11-04','16:40:00',NULL,'','',NULL,NULL,'2','NF:   2339   - FALAR C/NILTON'),(1310,'0',NULL,'2019-11-04','06:00:00','ALEMAO',NULL,NULL,NULL,NULL,NULL,'2019-11-04','16:00:00','ALEMAO',NULL,NULL,NULL,21,'2',NULL),(1311,'0',NULL,'2019-11-04','06:00:00','LAGOA',NULL,NULL,NULL,NULL,NULL,'2019-11-04','14:30:00','LAGOA',NULL,NULL,NULL,22,'2',NULL),(1312,'0',NULL,'2019-11-04','06:00:00','LURDES',NULL,NULL,NULL,NULL,NULL,'2019-11-04','17:00:00','LURDES',NULL,NULL,NULL,29,'2',NULL),(1313,'0',NULL,'2019-11-04','06:20:00','VALDECI',NULL,NULL,NULL,NULL,NULL,'2019-11-04','17:00:00','ALEX',NULL,NULL,NULL,30,'2',NULL),(1314,'0',NULL,'2019-11-04','06:05:00','DEIVID',NULL,NULL,NULL,NULL,NULL,'2019-11-04','17:00:00','RIBAMAR',NULL,NULL,NULL,24,'2',NULL),(1315,'0',NULL,'2019-11-04','07:15:00','PAULO  H',NULL,NULL,NULL,NULL,NULL,NULL,NULL,NULL,NULL,NULL,NULL,14,'1',NULL),(1316,'0',NULL,'2019-11-04','16:00:00','NILTON  M',NULL,NULL,NULL,NULL,NULL,'2019-11-04','22:45:00','MAIA',NULL,NULL,NULL,21,'2',NULL),(1317,'0',NULL,'2019-11-04','14:30:00','VASCONCELO',NULL,NULL,NULL,NULL,NULL,'2019-11-04','22:46:00','VASCONCELOS',NULL,NULL,NULL,22,'2',NULL),(1318,'0',NULL,'2019-11-04','17:57:00','NILTON  M',NULL,NULL,NULL,NULL,NULL,'2019-11-04','22:45:00','MAIA',NULL,NULL,NULL,30,'2',NULL),(1319,'0',NULL,'2019-11-04','18:38:00','EDINILSON',NULL,NULL,NULL,NULL,NULL,'2019-11-04','21:00:00',NULL,'','',NULL,29,'2',''),(1320,'0',NULL,'2019-11-04','19:22:00','MAIA',NULL,NULL,NULL,NULL,NULL,'2019-11-04','22:45:00','MAIA',NULL,NULL,NULL,23,'2',NULL),(1321,'0',NULL,'2019-11-04','21:03:00','MAIA',NULL,NULL,NULL,NULL,NULL,'2019-11-04','22:45:00','MAIA',NULL,NULL,NULL,10,'2',NULL),(1322,'2','0','2019-11-04','22:04:00',NULL,NULL,NULL,NULL,NULL,NULL,'2019-11-05','06:03:00',NULL,'','',139,NULL,'2','FUNCIONARIO'),(1323,'2','0','2019-11-04','22:06:00',NULL,NULL,NULL,NULL,NULL,NULL,'2019-11-05','06:04:00',NULL,'','',121,NULL,'2','FUNCIONARIO'),(1324,'2','0','2019-11-04','22:21:00',NULL,NULL,NULL,NULL,NULL,NULL,'2019-11-05','06:11:00',NULL,'','',119,NULL,'2','FUNCIONARIO'),(1325,'2','0','2019-11-04','22:26:00',NULL,NULL,NULL,NULL,NULL,NULL,'2019-11-04','22:30:00',NULL,'','',142,NULL,'2','FUNCIONARIO'),(1326,'2','0','2019-11-04','22:28:00',NULL,NULL,NULL,NULL,NULL,NULL,'2019-11-05','06:02:00',NULL,'','',135,NULL,'2','FUNCIONARIO'),(1327,'0',NULL,'2019-11-04','22:50:00','THIAGO',NULL,NULL,NULL,NULL,NULL,'2019-11-05','06:07:00','THIAGO',NULL,NULL,NULL,10,'2',NULL),(1328,'0',NULL,'2019-11-04','22:50:00','THIAGO',NULL,NULL,NULL,NULL,NULL,NULL,NULL,NULL,NULL,NULL,NULL,21,'1',NULL),(1329,'0',NULL,'2019-11-04','22:50:00','THIAGO',NULL,NULL,NULL,NULL,NULL,NULL,NULL,NULL,NULL,NULL,NULL,23,'1',NULL),(1330,'0',NULL,'2019-11-04','22:55:00','THIAGO',NULL,NULL,NULL,NULL,NULL,'2019-11-05','06:08:00','THIAGO',NULL,NULL,NULL,25,'2',NULL),(1331,'2','0','2019-11-05','05:17:00',NULL,NULL,NULL,NULL,NULL,NULL,NULL,NULL,NULL,NULL,NULL,102,NULL,'1','FUNCIONARIO'),(1332,'2','0','2019-11-05','05:31:00',NULL,NULL,NULL,NULL,NULL,NULL,NULL,NULL,NULL,NULL,NULL,62,NULL,'1','FUNCIONARIO'),(1333,'2','0','2019-11-05','05:36:00',NULL,NULL,NULL,NULL,NULL,NULL,NULL,NULL,NULL,NULL,NULL,147,NULL,'1','FUNCIONARIO'),(1334,'2','0','2019-11-05','05:38:00',NULL,NULL,NULL,NULL,NULL,NULL,NULL,NULL,NULL,NULL,NULL,110,NULL,'1','FUNCIONARIO'),(1335,'2','0','2019-11-05','05:46:00',NULL,NULL,NULL,NULL,NULL,NULL,'2019-11-05','06:18:00',NULL,'','',84,NULL,'2','FUNCIONARIO'),(1336,'2','0','2019-11-05','05:52:00',NULL,NULL,NULL,NULL,NULL,NULL,NULL,NULL,NULL,NULL,NULL,103,NULL,'1','FUNCIONARIO'),(1337,'2','0','2019-11-05','05:53:00',NULL,NULL,NULL,NULL,NULL,NULL,NULL,NULL,NULL,NULL,NULL,103,NULL,'1','FUNCIONARIO'),(1338,'2','0','2019-11-05','05:53:00',NULL,NULL,NULL,NULL,NULL,NULL,NULL,NULL,NULL,NULL,NULL,103,NULL,'1','FUNCIONARIO'),(1339,'2','0','2019-11-05','05:55:00',NULL,NULL,NULL,NULL,NULL,NULL,NULL,NULL,NULL,NULL,NULL,61,NULL,'1','FUNCIONARIO'),(1340,'0',NULL,'2019-11-05','05:56:00','DEIVID',NULL,NULL,NULL,NULL,NULL,NULL,NULL,NULL,NULL,NULL,NULL,24,'1',NULL),(1341,'0',NULL,'2019-11-05','05:56:00','LAGOA',NULL,NULL,NULL,NULL,NULL,NULL,NULL,NULL,NULL,NULL,NULL,22,'1',NULL),(1342,'2','0','2019-11-05','06:01:00',NULL,NULL,NULL,NULL,NULL,NULL,NULL,NULL,NULL,NULL,NULL,95,NULL,'1','FUNCIONARIO'),(1343,'0',NULL,'2019-11-05','06:02:00','LURDES',NULL,NULL,NULL,NULL,NULL,NULL,NULL,NULL,NULL,NULL,NULL,29,'1',NULL),(1344,'2','0','2019-11-05','06:05:00',NULL,NULL,NULL,NULL,NULL,NULL,NULL,NULL,NULL,NULL,NULL,60,NULL,'1','FUNCIONARIO'),(1345,'2','0','2019-11-05','06:09:00',NULL,NULL,NULL,NULL,NULL,NULL,NULL,NULL,NULL,NULL,NULL,76,NULL,'1','FUNCIONARIO'),(1346,'2','0','2019-11-05','06:13:00',NULL,NULL,NULL,NULL,NULL,NULL,NULL,NULL,NULL,NULL,NULL,64,NULL,'1','FUNCIONARIO'),(1347,'0',NULL,'2019-11-05','06:14:00','VALDECI',NULL,NULL,NULL,NULL,NULL,NULL,NULL,NULL,NULL,NULL,NULL,30,'1',NULL),(1348,'2','0','2019-11-05','06:15:00',NULL,NULL,NULL,NULL,NULL,NULL,NULL,NULL,NULL,NULL,NULL,66,NULL,'1','FUNCIONARIO'),(1349,'2','0','2019-11-05','06:17:00',NULL,NULL,NULL,NULL,NULL,NULL,NULL,NULL,NULL,NULL,NULL,87,NULL,'1','FUNCIONARIO'),(1350,'2','0','2019-11-05','06:20:00',NULL,NULL,NULL,NULL,NULL,NULL,NULL,NULL,NULL,NULL,NULL,49,NULL,'1','FUNCIONARIO'),(1351,'2','0','2019-11-05','06:26:00',NULL,NULL,NULL,NULL,NULL,NULL,NULL,NULL,NULL,NULL,NULL,75,NULL,'1','FUNCIONARIO'),(1352,'2','0','2019-11-05','06:27:00',NULL,NULL,NULL,NULL,NULL,NULL,NULL,NULL,NULL,NULL,NULL,157,NULL,'1','FUNCIONARIO'),(1353,'2','0','2019-11-05','06:30:00',NULL,NULL,NULL,NULL,NULL,NULL,NULL,NULL,NULL,NULL,NULL,67,NULL,'1','FUNCIONARIO'),(1354,'2','0','2019-11-05','06:33:00',NULL,NULL,NULL,NULL,NULL,NULL,NULL,NULL,NULL,NULL,NULL,69,NULL,'1','FUNCIONARIO'),(1355,'2','0','2019-11-05','06:44:00',NULL,NULL,NULL,NULL,NULL,NULL,NULL,NULL,NULL,NULL,NULL,68,NULL,'1','FUNCIONARIO'),(1356,'2','0','2019-11-05','06:49:00',NULL,NULL,NULL,NULL,NULL,NULL,NULL,NULL,NULL,NULL,NULL,72,NULL,'1','FUNCIONARIO'),(1357,'2','0','2019-11-05','06:50:00',NULL,NULL,NULL,NULL,NULL,NULL,NULL,NULL,NULL,NULL,NULL,71,NULL,'1','FUNCIONARIO'),(1358,'2','0','2019-11-05','06:48:00',NULL,NULL,NULL,NULL,NULL,NULL,NULL,NULL,NULL,NULL,NULL,164,NULL,'1','FUNCIONARIO'),(1359,'2','0','2019-11-05','06:55:00',NULL,NULL,NULL,NULL,NULL,NULL,NULL,NULL,NULL,NULL,NULL,50,NULL,'1','FUNCIONARIO'),(1360,'2','0','2019-11-05','06:55:00',NULL,NULL,NULL,NULL,NULL,NULL,NULL,NULL,NULL,NULL,NULL,79,NULL,'1','FUNCIONARIO'),(1361,'2','0','2019-11-05','06:56:00',NULL,NULL,NULL,NULL,NULL,NULL,NULL,NULL,NULL,NULL,NULL,144,NULL,'1','FUNCIONARIO'),(1362,'2','0','2019-11-05','06:56:00',NULL,NULL,NULL,NULL,NULL,NULL,NULL,NULL,NULL,NULL,NULL,45,NULL,'1','FUNCIONARIO'),(1363,'2','0','2019-11-05','07:00:00',NULL,NULL,NULL,NULL,NULL,NULL,NULL,NULL,NULL,NULL,NULL,47,NULL,'1','FUNCIONARIO'),(1364,'2','0','2019-11-05','07:09:00',NULL,NULL,NULL,NULL,NULL,NULL,NULL,NULL,NULL,NULL,NULL,77,NULL,'1','FUNCIONARIO'),(1365,'2','0','2019-11-05','07:13:00',NULL,NULL,NULL,NULL,NULL,NULL,NULL,NULL,NULL,NULL,NULL,88,NULL,'1','FUNCIONARIO'),(1366,'2','0','2019-11-05','07:54:00',NULL,NULL,NULL,NULL,NULL,NULL,NULL,NULL,NULL,NULL,NULL,91,NULL,'1','FUNCIONARIO'),(1367,'2','0','2019-11-05','07:54:00',NULL,NULL,NULL,NULL,NULL,NULL,NULL,NULL,NULL,NULL,NULL,145,NULL,'1','FUNCIONARIO');
/*!40000 ALTER TABLE `registros` ENABLE KEYS */;
UNLOCK TABLES;

--
-- Table structure for table `registroslog`
--

DROP TABLE IF EXISTS `registroslog`;
/*!40101 SET @saved_cs_client     = @@character_set_client */;
/*!40101 SET character_set_client = utf8 */;
CREATE TABLE `registroslog` (
  `id` int(11) NOT NULL AUTO_INCREMENT,
  `tipo` varchar(100) DEFAULT NULL,
  `usuario_id` varchar(11) DEFAULT NULL,
  `dataHoraLog` datetime DEFAULT NULL,
  `idRegistro` int(11) DEFAULT NULL,
  `tabelaRef` varchar(100) DEFAULT NULL,
  PRIMARY KEY (`id`),
  KEY `registrosLog_ibfk_1` (`usuario_id`),
  CONSTRAINT `registrosLog_ibfk_1` FOREIGN KEY (`usuario_id`) REFERENCES `users` (`cpf`)
) ENGINE=InnoDB DEFAULT CHARSET=utf8;
/*!40101 SET character_set_client = @saved_cs_client */;

--
-- Dumping data for table `registroslog`
--

LOCK TABLES `registroslog` WRITE;
/*!40000 ALTER TABLE `registroslog` DISABLE KEYS */;
/*!40000 ALTER TABLE `registroslog` ENABLE KEYS */;
UNLOCK TABLES;

--
-- Table structure for table `users`
--

DROP TABLE IF EXISTS `users`;
/*!40101 SET @saved_cs_client     = @@character_set_client */;
/*!40101 SET character_set_client = utf8 */;
CREATE TABLE `users` (
  `cpf` varchar(11) NOT NULL,
  `name` varchar(100) NOT NULL,
  `turno` varchar(45) DEFAULT NULL,
  `id_group` int(11) NOT NULL,
  PRIMARY KEY (`cpf`)
) ENGINE=InnoDB DEFAULT CHARSET=utf8 COMMENT='Tabela de Usuarios';
/*!40101 SET character_set_client = @saved_cs_client */;

--
-- Dumping data for table `users`
--

LOCK TABLES `users` WRITE;
/*!40000 ALTER TABLE `users` DISABLE KEYS */;
INSERT INTO `users` VALUES ('01203073836','AMARAL','',3),('11137434848','BELMIRO','',1),('33691609864','ALESSANDRO ','',3),('35602174826','FERNANDO TAVARES','',2),('36907599864','LEANDRO','',3),('38872957818','SILVANA VICENTE','',5),('44313271856','MARCOS SOUSA','',1),('44313271857','TESTE','',4),('44393424859','MATEUS SOUSA','',5),('70608148415','GABRIEL','',3);
/*!40000 ALTER TABLE `users` ENABLE KEYS */;
UNLOCK TABLES;

--
-- Table structure for table `veiculos`
--

DROP TABLE IF EXISTS `veiculos`;
/*!40101 SET @saved_cs_client     = @@character_set_client */;
/*!40101 SET character_set_client = utf8 */;
CREATE TABLE `veiculos` (
  `id` int(11) NOT NULL AUTO_INCREMENT,
  `tipo` varchar(100) NOT NULL,
  `motorista` varchar(100) NOT NULL,
  `placa` varchar(20) NOT NULL,
  `empresa` varchar(150) NOT NULL,
  `status` varchar(1) DEFAULT 'A',
  PRIMARY KEY (`id`)
) ENGINE=InnoDB AUTO_INCREMENT=172 DEFAULT CHARSET=utf8;
/*!40101 SET character_set_client = @saved_cs_client */;

--
-- Dumping data for table `veiculos`
--

LOCK TABLES `veiculos` WRITE;
/*!40000 ALTER TABLE `veiculos` DISABLE KEYS */;
INSERT INTO `veiculos` VALUES (39,'CARRO','Fernando','dhl9030','Banfilme','A'),(41,'CARRO','ARI','EHL9030','CONSULTORIA','A'),(42,'CARRO','TESTE','TTT1510','TESTE','A'),(43,'CARRO','PAULO LUIS','FLW-0331','BANDEIRANTES','A'),(45,'CARRO','JOCEMAR','ESR2129','BANDEIRANTES','A'),(46,'CARRO','JOCEMAR','ESR2129','BANDEIRANTES','A'),(47,'CARRO','THAIS','DQH9417','BANDEIRANTES','A'),(48,'CARRO','BARNABE','BAO-7135','BANDEIRANTES','A'),(49,'MOTO','ROMEU','FFC3079','BANDEIRANTES','A'),(50,'CARRO','ARAUJO','JSD1715','BANDEIRANTES','A'),(51,'CARRO','THAIS','DQH9417','BANDEIRANTES','A'),(53,'CARRO','PAULO LUIS','FLW0331','BANDEIRANTES ','A'),(54,'CARRO','NEWTON','FCD3516','BANDEIRANTES','A'),(55,'CARRO','ANDRE ','FAW9845','BANDEIRANTES','A'),(56,'CARRO','ABEL DA SILVA','FUB2333','SFS','A'),(57,'MOTO','CLEBERSON','DXK1613','BANDEIRANTES','A'),(58,'CARRO','DONIZETI','FJA4366','BANDEIRANTES','A'),(59,'CARRO','GIVANILDO','FJO3189','BANDEIRANTES','A'),(60,'CARRO','EDER','EWX6949','BANDEIRANTES','A'),(61,'CARRO','EDNO','DUL7754','BANDEIRANTES','A'),(62,'CARRO','MAURICIO','EBE6469','BANDEIRANTES','A'),(63,'CARRO','ANDERSON','HQE9754','BANDEIRANTES','A'),(64,'CARRO','VALDECI','FWX2465','BANDEIRANTES','A'),(65,'CARRO','AMARILDO','DZB7734','BANDEIRANTES','A'),(66,'CARRO','FRANCISCO JOSE','EFN-3668','BANDEIRANTES','A'),(67,'MOTO','ARLON','FYC7028','BANDEIRANTES','A'),(68,'CARRO','ADILSON','ETL1880','BANDEIRANTES','A'),(69,'CARRO','RIBAMAR','GDF9548','BANDEIRANTES','A'),(70,'CARRO','ALEX','DUH9751','BANDEIRANTES','A'),(71,'CARRO','JOSE DA SILVA','EMO-7325','BANDEIRANTES','A'),(72,'CARRO','PAULO H LEMOS','EWX-3635','BANDEIRANTES','A'),(73,'MOTO','AGNALDO','EXG9592','BANDEIRANTES','A'),(75,'CARRO','ADRIANO','NGW9407','BANDEIRANTES','A'),(76,'CARRO','JOAO','DVR-6314','BANDEIRANTES','A'),(77,'CARRO','MATHEUS','EKL4454','BANDEIRANTES','A'),(78,'MOTO','JOCEMAR','ESR2129','BANDEIRANTES','A'),(79,'CARRO','PAULO H','GET4553','BANDEIRANTES','A'),(80,'CARRO','OZEAS','FPG2378','BANDEIRANTES','A'),(81,'CARRO','NEWTON','GGW3031','BANDEIRANTES','A'),(84,'CARRO','LAERCIO','FPT-2423','SFS','A'),(85,'CARRO','AGNALDO','EMJ8198','BANDEIRANTES','A'),(86,'CARRO','MAURICO','EVG0520','MLP','A'),(87,'CARRO','DJAIR','PXV1148','BANDEIRANTES','A'),(88,'CARRO','LARISSA','FOF-8415','BANDEIRANTES','A'),(89,'CARRO','HENRIQUE','AQT0409','BANDEIRANTES','A'),(90,'CARRO','ARI','FST9899','BANDEIRANTES','A'),(91,'CARRO','BELMIRO','GSW4233','BANDEIRANTES','A'),(92,'CARRO','LARISSA','EQH5733','BANDEIRANTES','A'),(93,'CARRO','EDSON MONTAGNER','GIV3043','BANDEIRANTES','A'),(94,'CARRO','MARCOS SOUSA','FOF8415','','A'),(95,'CARRO','WILLIAN','CJS7405','BANDEIRANTES','A'),(96,'CARRO','RODOLFO','EGD9888','IND BANDEIRANTE','A'),(97,'CARRO','HELIO PEREIRA DA SILVA','OLE9277','BANDEIRANTES','A'),(98,'CARRO','FABIANO FERREIRA','CRL8392','BANDEIRANTES','A'),(99,'CARRO','FRANCISCO JOSE','DNS-7579','BANDEIRANTES','A'),(100,'CARRO','YUNIOR MATOS','QUU1073','BANDEIRANTES','A'),(101,'CARRO','PATRICIA PREVIATO','FTA7549','BANDEIRANTES','A'),(102,'CARRO','JOSE REINALDO','HEW1535','BANDEIRANTE','A'),(103,'CARRO','GINHO','FXO8368','BANDEIRANTE','A'),(104,'CARRO','JOSE  DA  SILVA','EMO7345','BAND','A'),(105,'CARRO','PAULO  H','EQH5733','BANDEIRANTE','A'),(106,'CARRO','JOSE  MARCOS','NZG8440','BARRI','A'),(107,'CARRO','CLEBERSON','DPH4503','BANDEIRANTES','A'),(108,'CARRO','VASCONCELOS','GEU-0729','BANDEIRANTES','I'),(109,'CARRO','SERGIO','FUB6992','SFS','A'),(110,'CARRO','OSMAR','EMW7472','BANDEIRANTES','A'),(111,'CARRO','FELIPE','NHL1922','BANDEIRANTES','A'),(112,'CARRO','ABEL','FSC2207','SFS','A'),(113,'CARRO','REGILSON','JSE0742','SFS','A'),(114,'CARRO','MARCOS','HJN4686','BANDEIRANTES','A'),(115,'MOTO','CARLOS RODRIGUES DE GOES','CQQ2252','BANDEIRANTES','A'),(116,'CARRO','BENJAMIM','FLQ1605','BANDEIRANTES','A'),(117,'CARRO','JOSE FRANCISCO DA SILVA','EJC0557','BANDEIRANTES','A'),(118,'CARRO','SERGIO','FUP6992','SFS','A'),(119,'CARRO','JAELSON','EJJ9564','BANDEIRANTES','A'),(120,'CARRO','VANDIK','CDQ6757','BANDEIRANTES','A'),(121,'CARRO','ROBERTO','DHP3399','BANDEIRANTES','A'),(122,'CARRO','JAELSOSON','EJJ9564','BANDEIRANTES','A'),(123,'CARRO','TATIANE','QFN-9827','SFS','A'),(124,'CARRO','ROMEU PEREIRA','GJW5108','BANDEIRANTES','A'),(125,'CARRO','CICERO FREITAS','PYK0227','BANDEIRANTES','A'),(126,'MOTO','VASCONCELOS','GEU0729','BANDEIRANTES','A'),(127,'CARRO','NILTON MAIA','CIA2442','BANDEIRANTES','A'),(128,'CARRO','ABEL','CUC6971','SFS','A'),(129,'CARRO','UANDER','EQL6173','BANDEIRANTES','A'),(130,'CARRO','THIAGO ENCARREG','QQY 3425','BANDEIRANTES','A'),(131,'CARRO','THIAGO EMC','QQY3425','BANDEIRANTES','A'),(132,'CARRO','DENES','DAV7335','BANDEIRANTES','A'),(133,'CARRO','DENES','DVA7335','BANDEIRANTES','A'),(134,'CARRO','LAERCIO','FPT2423','SFS','A'),(135,'CARRO','MARCIO','EIW7658','BANDEIRANTES','A'),(136,'CARRO','WILIANS','CTS 7405','BANDEIRANTES','A'),(137,'CARRO','EDCARLOS','FUB2333','EDCARLOS','A'),(138,'CARRO','NILTON  M','EUF8334','BANDEIRANTES','A'),(139,'CARRO','VANDIK','CDA6757','BANDEIRANTES','A'),(140,'CARRO','DOUGLAS','FCR9024','SFS','A'),(141,'MOTO','ROBERTO','DPH3699','BANDEIRANTES','A'),(142,'CARRO','TATIANE','FQN9827','SFS','A'),(143,'CARRO','ANDERSON ','HQE-9754','BANDEINTES','A'),(144,'CARRO','YUNIOR','QUW6790','INDUSTRIA BANDEIRATES','A'),(145,'CARRO','HENRIQUE','FFF-2545','BANDEIRANTES','A'),(146,'CARRO','COSMO','FSC2207','SFS','A'),(147,'MOTO','EDSON GUIMARÃES','DPH4503','BANDEIRANTES','A'),(148,'CARRO','DEIVID','EFS7058','BANDEIRANTES','A'),(149,'CARRO','SILVIO','FXC3840','RADIZ','A'),(150,'CARRO','ROGERIO  ENRIQUE','DZK9929','CNT','A'),(151,'CARRO','VALCIR  SANTOS','DQN046','AUSTIM','A'),(152,'CARRO','ROBERTO','DQN0467','BANDEIRANTES','A'),(153,'CARRO','EDER','FCA2950','BANDEIRANTE','A'),(154,'CARRO','HENRIQUE','CPL6662','HENRIQUE','A'),(155,'CARRO','CAIO','PVR5497','RL  HIGIENIO','A'),(156,'CARRO','CAIO','PYR5497','CAIO','A'),(157,'MOTO','ALEX','ESF2794','BANDEIRANTES','A'),(158,'CARRO','MATHEUS','ONC5135','BANDEIRANTES','A'),(159,'CARRO','RUBENS RAMALHO','DZH8200','BANDEIRANTES','A'),(160,'CARRO','ALEMÃO','EIA9008','Bandeirantes','A'),(161,'CARRO','GILDEBERTO SILVA','EMT1718','BANDEIRANTES','A'),(162,'CARRO','TADEU SANTOS','CUC4824','SFS','A'),(163,'CARRO','JUVENILTON ','CHE0877','BANDEIRANTES','A'),(164,'CARRO','VITOR','FDQ6400','BANDEIRANTE','A'),(165,'CARRO','JOSE  MARCOS','JPW7447','BARRI','A'),(166,'CARRO','ROSANGELA','BTZ1244','PDV','A'),(167,'CARRO','ABEL','FUP6992','SFS','A'),(168,'CARRO','ALEX','EFS27942','BANDEIRANTE','A'),(169,'CARRO','ROQUE','GGQ4575','DESTAQUE','A'),(170,'CARRO','RIZIA','FNX2104','BANDEIRANTE','A'),(171,'CARRO','GERALDO','FFQ97443','BANDEIRANTE','A');
/*!40000 ALTER TABLE `veiculos` ENABLE KEYS */;
UNLOCK TABLES;

--
-- Dumping events for database 'portariabandeirante'
--

--
-- Dumping routines for database 'portariabandeirante'
--
/*!40103 SET TIME_ZONE=@OLD_TIME_ZONE */;

/*!40101 SET SQL_MODE=@OLD_SQL_MODE */;
/*!40014 SET FOREIGN_KEY_CHECKS=@OLD_FOREIGN_KEY_CHECKS */;
/*!40014 SET UNIQUE_CHECKS=@OLD_UNIQUE_CHECKS */;
/*!40101 SET CHARACTER_SET_CLIENT=@OLD_CHARACTER_SET_CLIENT */;
/*!40101 SET CHARACTER_SET_RESULTS=@OLD_CHARACTER_SET_RESULTS */;
/*!40101 SET COLLATION_CONNECTION=@OLD_COLLATION_CONNECTION */;
/*!40111 SET SQL_NOTES=@OLD_SQL_NOTES */;

-- Dump completed on 2019-12-27 16:39:03
