CREATE DATABASE  IF NOT EXISTS `portariabandeirante` /*!40100 DEFAULT CHARACTER SET utf8 */;
USE `portariabandeirante`;
-- MySQL dump 10.13  Distrib 5.7.17, for Win64 (x86_64)
--
-- Host: 127.0.0.1    Database: portariabandeirante
-- ------------------------------------------------------
-- Server version	5.5.5-10.1.37-MariaDB

/*!40101 SET @OLD_CHARACTER_SET_CLIENT=@@CHARACTER_SET_CLIENT */;
/*!40101 SET @OLD_CHARACTER_SET_RESULTS=@@CHARACTER_SET_RESULTS */;
/*!40101 SET @OLD_COLLATION_CONNECTION=@@COLLATION_CONNECTION */;
/*!40101 SET NAMES utf8 */;
/*!40103 SET @OLD_TIME_ZONE=@@TIME_ZONE */;
/*!40103 SET TIME_ZONE='+00:00' */;
/*!40014 SET @OLD_UNIQUE_CHECKS=@@UNIQUE_CHECKS, UNIQUE_CHECKS=0 */;
/*!40014 SET @OLD_FOREIGN_KEY_CHECKS=@@FOREIGN_KEY_CHECKS, FOREIGN_KEY_CHECKS=0 */;
/*!40101 SET @OLD_SQL_MODE=@@SQL_MODE, SQL_MODE='NO_AUTO_VALUE_ON_ZERO' */;
/*!40111 SET @OLD_SQL_NOTES=@@SQL_NOTES, SQL_NOTES=0 */;

--
-- Table structure for table `chaves`
--

DROP TABLE IF EXISTS `chaves`;
/*!40101 SET @saved_cs_client     = @@character_set_client */;
/*!40101 SET character_set_client = utf8 */;
CREATE TABLE `chaves` (
  `id` int(11) NOT NULL AUTO_INCREMENT,
  `cod` varchar(100) NOT NULL,
  `local` varchar(100) NOT NULL,
  `status` varchar(1) DEFAULT 'A',
  PRIMARY KEY (`id`)
) ENGINE=InnoDB AUTO_INCREMENT=4 DEFAULT CHARSET=utf8;
/*!40101 SET character_set_client = @saved_cs_client */;

--
-- Dumping data for table `chaves`
--

LOCK TABLES `chaves` WRITE;
/*!40000 ALTER TABLE `chaves` DISABLE KEYS */;
INSERT INTO `chaves` VALUES (1,'CPD','CENTRO PROCESSAMENTO DADOS','A'),(2,'EST','PORTA PRINCIPAL ESCRITORIO','A'),(3,'FAT','FATURAMENTO','A');
/*!40000 ALTER TABLE `chaves` ENABLE KEYS */;
UNLOCK TABLES;

--
-- Table structure for table `permissions`
--

DROP TABLE IF EXISTS `permissions`;
/*!40101 SET @saved_cs_client     = @@character_set_client */;
/*!40101 SET character_set_client = utf8 */;
CREATE TABLE `permissions` (
  `id` int(11) NOT NULL AUTO_INCREMENT,
  `name` varchar(100) NOT NULL,
  PRIMARY KEY (`id`)
) ENGINE=InnoDB AUTO_INCREMENT=20 DEFAULT CHARSET=utf8 COMMENT='Tabela de Permissões';
/*!40101 SET character_set_client = @saved_cs_client */;

--
-- Dumping data for table `permissions`
--

LOCK TABLES `permissions` WRITE;
/*!40000 ALTER TABLE `permissions` DISABLE KEYS */;
INSERT INTO `permissions` VALUES (1,'permissao_view'),(2,'permissao_add'),(3,'permissao_addgroup'),(4,'usuario_view'),(5,'veiculos_view'),(6,'veiculos_add'),(8,'veiculos_edit'),(9,'veiculos_del'),(10,'chaves_view'),(11,'chaves_add'),(12,'chaves_edit'),(13,'records_view'),(14,'records_add'),(15,'records_edit'),(16,'report_view'),(17,'report_chaves'),(18,'report_veiculos'),(19,'report_entsaiveiculos');
/*!40000 ALTER TABLE `permissions` ENABLE KEYS */;
UNLOCK TABLES;


--
-- Table structure for table `groups`
--

DROP TABLE IF EXISTS `groups`;
/*!40101 SET @saved_cs_client     = @@character_set_client */;
/*!40101 SET character_set_client = utf8 */;
CREATE TABLE `groups` (
  `id` int(11) NOT NULL AUTO_INCREMENT,
  `name` varchar(100) DEFAULT NULL,
  `params` varchar(100) DEFAULT NULL,
  PRIMARY KEY (`id`)
) ENGINE=InnoDB AUTO_INCREMENT=4 DEFAULT CHARSET=utf8 COMMENT='Tabela de Groupos de Permissões';
/*!40101 SET character_set_client = @saved_cs_client */;

--
-- Dumping data for table `groups`
--

LOCK TABLES `groups` WRITE;
/*!40000 ALTER TABLE `groups` DISABLE KEYS */;
INSERT INTO `groups` VALUES (1,'DESENVOLVEDOR','1,2,3,4,5,6,8,9,10,11,12,13,14,15,16,17,18,19'),(2,'ADMINISTRADOR','2,3,4,5,6,8,9,11,12,13'),(3,'PORTARIA','5,6,8');
/*!40000 ALTER TABLE `groups` ENABLE KEYS */;
UNLOCK TABLES;

--
-- Table structure for table `users`
--

DROP TABLE IF EXISTS `users`;
/*!40101 SET @saved_cs_client     = @@character_set_client */;
/*!40101 SET character_set_client = utf8 */;
CREATE TABLE `users` (
  `cpf` varchar(11) NOT NULL,
  `name` varchar(100) NOT NULL,
  `turno` varchar(45) DEFAULT NULL,
  `id_group` int(11) NOT NULL,
  PRIMARY KEY (`cpf`)
) ENGINE=InnoDB DEFAULT CHARSET=utf8 COMMENT='Tabela de Usuarios';
/*!40101 SET character_set_client = @saved_cs_client */;

--
-- Dumping data for table `users`
--

LOCK TABLES `users` WRITE;
/*!40000 ALTER TABLE `users` DISABLE KEYS */;
INSERT INTO `users` VALUES ('123456789-1','TESTE','TESTE',2),('44313271856','Marcos Sousa','adm',1);
/*!40000 ALTER TABLE `users` ENABLE KEYS */;
UNLOCK TABLES;

--
-- Table structure for table `veiculos`
--

DROP TABLE IF EXISTS `veiculos`;
/*!40101 SET @saved_cs_client     = @@character_set_client */;
/*!40101 SET character_set_client = utf8 */;
CREATE TABLE `veiculos` (
  `id` int(11) NOT NULL AUTO_INCREMENT,
  `tipo` varchar(100) NOT NULL,
  `motorista` varchar(100) NOT NULL,
  `placa` varchar(20) NOT NULL,
  `empresa` varchar(150) NOT NULL,
  `status` varchar(1) DEFAULT 'A',
  PRIMARY KEY (`id`)
) ENGINE=InnoDB AUTO_INCREMENT=34 DEFAULT CHARSET=utf8;
/*!40101 SET character_set_client = @saved_cs_client */;

--
-- Dumping data for table `veiculos`
--

LOCK TABLES `veiculos` WRITE;
/*!40000 ALTER TABLE `veiculos` DISABLE KEYS */;
INSERT INTO `veiculos` VALUES (1,'CARRO','MARCOS SOUSA','HJN4686','IND BANDEIRANTE','A'),(2,'CARRO','TESTE ','FAD7720','BANDEIRANTE','A'),(3,'MOTO','BELTRANO','ADS8877','IND BANDEIRANTE','A'),(4,'MOTO','TESTE II','PRO5841','CUMBICA ','A'),(5,'CARRO','QUALQUER NOME','PRO5711','CUMBICA ','I'),(6,'CARRO','MOTORISTA1','HJN4141','AT&AT','A'),(7,'CARRO','MOTORISTA2','HJN4142','AT&AT','A'),(8,'CARRO','MOTORISTA3','HJN4143','CLEAR','A'),(9,'CARRO','MOTORISTA4','HJN4144','CLEAR','A'),(10,'CARRO','MOTORISTA5','HJN4145','TIM','A'),(11,'CARRO','MOTORISTA6','HJN4146','VIVO','A'),(12,'CARRO','MOTORISTA7','HJN4147','CLARO S.A','A'),(13,'CARRO','MOTORISTA8','HJN4148','RENOVA','A'),(14,'CARRO','MOTORISTA1','HJN4149','TIM BRASIL','A'),(15,'CARRO','MOTORISTA10','HJN4151','BANFILME','A'),(16,'CARRO','MOTORISTA11','HJN4152','AT&AT','A'),(17,'CARRO','MOTORISTA1','HJN4153','ROCKET','A'),(18,'CARRO','MOTORISTA1','HJN4154','CLARO S.A','A'),(19,'CARRO','MOTORISTA1','HJN4155','CLEAR','A'),(20,'CARRO','MOTORISTA1','HJN4141','AT&AT','A'),(21,'CARRO','MOTORISTA2','HJN4142','AT&AT','A'),(22,'CARRO','MOTORISTA3','HJN4143','CLEAR','A'),(23,'CARRO','MOTORISTA4','HJN4144','CLEAR','A'),(24,'CARRO','MOTORISTA5','HJN4145','TIM','A'),(25,'CARRO','MOTORISTA6','HJN4146','VIVO','A'),(26,'CARRO','MOTORISTA7','HJN4147','CLARO S.A','A'),(27,'CARRO','MOTORISTA8','HJN4148','RENOVA','A'),(28,'CARRO','MOTORISTA1','HJN4149','TIM BRASIL','A'),(29,'CARRO','MOTORISTA10','HJN4151','BANFILME','A'),(30,'CARRO','MOTORISTA11','HJN4152','AT&AT','A'),(31,'CARRO','MOTORISTA1','HJN4153','ROCKET','A'),(32,'CARRO','MOTORISTA1','HJN4154','CLARO S.A','A'),(33,'CARRO','MOTORISTA1','HJN4155','CLEAR','A');
/*!40000 ALTER TABLE `veiculos` ENABLE KEYS */;
UNLOCK TABLES;

--
-- Dumping events for database 'portariabandeirante'
--

--
-- Table structure for table `registros`
--

DROP TABLE IF EXISTS `registros`;
/*!40101 SET @saved_cs_client     = @@character_set_client */;
/*!40101 SET character_set_client = utf8 */;
CREATE TABLE `registros` (
  `id` int(11) NOT NULL AUTO_INCREMENT,
  `tipo` char(1) NOT NULL,
  `data_er` date DEFAULT NULL,
  `hora_er` time DEFAULT NULL,
  `colab_ret` varchar(100) DEFAULT NULL,
  `tipo_v` varchar(100) DEFAULT NULL,
  `placa` varchar(10) DEFAULT NULL,
  `motorista` varchar(100) DEFAULT NULL,
  `empresa` varchar(100) DEFAULT NULL,
  `data_sr` date DEFAULT NULL,
  `hora_sr` time DEFAULT NULL,
  `colab_dev` varchar(100) DEFAULT NULL,
  `veiculos_id` int(11) DEFAULT NULL,
  `chaves_id` int(11) DEFAULT NULL,
  `flag` char(1) DEFAULT '1' COMMENT '1 - ABERTO / 2 - FECHADO',
  PRIMARY KEY (`id`),
  KEY `registros_ibfk_1` (`veiculos_id`),
  KEY `registros_ibfk_2` (`chaves_id`),
  CONSTRAINT `registros_ibfk_1` FOREIGN KEY (`veiculos_id`) REFERENCES `veiculos` (`id`),
  CONSTRAINT `registros_ibfk_2` FOREIGN KEY (`chaves_id`) REFERENCES `chaves` (`id`)
) ENGINE=InnoDB AUTO_INCREMENT=83 DEFAULT CHARSET=utf8;
/*!40101 SET character_set_client = @saved_cs_client */;

--
-- Dumping data for table `registros`
--

LOCK TABLES `registros` WRITE;
/*!40000 ALTER TABLE `registros` DISABLE KEYS */;
INSERT INTO `registros` VALUES (1,'2','2019-05-08','07:39:34',NULL,NULL,NULL,NULL,NULL,NULL,NULL,NULL,1,NULL,'1'),(2,'2','2019-05-08','07:40:48',NULL,NULL,NULL,NULL,NULL,NULL,NULL,NULL,2,NULL,'1'),(3,'0','2019-05-08','07:42:05','MARCOS',NULL,NULL,NULL,NULL,NULL,NULL,NULL,NULL,1,'1'),(4,'0','2019-05-08','07:42:05','FULANO',NULL,NULL,NULL,NULL,NULL,NULL,NULL,NULL,2,'1'),(5,'1','2019-05-08','07:44:46',NULL,'CARRO','HJN-4686','BELTRANO','SAAE',NULL,NULL,NULL,NULL,NULL,'1'),(6,'1','2019-05-08','07:44:46',NULL,'CAMINHAO','HTN-4654','TESTE','BRASKEM',NULL,NULL,NULL,NULL,NULL,'1'),(7,'0','2019-05-08','09:56:45','MARCOS',NULL,NULL,NULL,NULL,NULL,NULL,NULL,NULL,1,'1'),(8,'0','2019-05-08','09:56:45','FULANO',NULL,NULL,NULL,NULL,NULL,NULL,NULL,NULL,2,'1'),(9,'2','2019-05-27','11:06:53',NULL,NULL,NULL,NULL,NULL,NULL,NULL,NULL,1,NULL,'1'),(10,'2','2019-05-27','11:06:54',NULL,NULL,NULL,NULL,NULL,NULL,NULL,NULL,2,NULL,'1'),(11,'0','2019-05-27','11:06:54','MARCOS',NULL,NULL,NULL,NULL,NULL,NULL,NULL,NULL,1,'1'),(12,'0','2019-05-27','11:06:54','FULANO',NULL,NULL,NULL,NULL,NULL,NULL,NULL,NULL,2,'1'),(13,'1','2019-05-27','11:06:54',NULL,'CARRO','HJN-4686','BELTRANO','SAAE',NULL,NULL,NULL,NULL,NULL,'1'),(14,'1','2019-05-27','11:06:54',NULL,'CAMINHAO','HTN-4654','TESTE','BRASKEM',NULL,NULL,NULL,NULL,NULL,'1'),(15,'2','2019-05-27','11:29:12',NULL,NULL,NULL,NULL,NULL,NULL,NULL,NULL,1,NULL,'1'),(16,'2','2019-05-27','11:29:13',NULL,NULL,NULL,NULL,NULL,NULL,NULL,NULL,2,NULL,'1'),(17,'0','2019-05-27','11:29:13','MARCOS',NULL,NULL,NULL,NULL,NULL,NULL,NULL,NULL,1,'1'),(18,'0','2019-05-27','11:29:13','FULANO',NULL,NULL,NULL,NULL,NULL,NULL,NULL,NULL,2,'1'),(19,'1','2019-05-27','11:29:13',NULL,'CARRO','HJN-4686','BELTRANO','SAAE',NULL,NULL,NULL,NULL,NULL,'1'),(20,'1','2019-05-27','11:29:14',NULL,'CAMINHAO','HTN-4654','TESTE','BRASKEM',NULL,NULL,NULL,NULL,NULL,'1'),(21,'2','2019-05-28','07:36:23',NULL,NULL,NULL,NULL,NULL,NULL,NULL,NULL,1,NULL,'1'),(22,'2','2019-05-28','07:36:23',NULL,NULL,NULL,NULL,NULL,NULL,NULL,NULL,2,NULL,'1'),(23,'0','2019-05-28','07:36:23','MARCOS',NULL,NULL,NULL,NULL,NULL,NULL,NULL,NULL,1,'1'),(24,'0','2019-05-28','07:36:23','FULANO',NULL,NULL,NULL,NULL,NULL,NULL,NULL,NULL,2,'1'),(25,'1','2019-05-28','07:36:23',NULL,'CARRO','HJN-4686','BELTRANO','SAAE',NULL,NULL,NULL,NULL,NULL,'1'),(26,'1','2019-05-28','07:36:23',NULL,'CAMINHAO','HTN-4654','TESTE','BRASKEM',NULL,NULL,NULL,NULL,NULL,'1'),(27,'2','2019-05-28','07:36:23',NULL,NULL,NULL,NULL,NULL,NULL,NULL,NULL,1,NULL,'1'),(28,'2','2019-05-28','07:36:23',NULL,NULL,NULL,NULL,NULL,NULL,NULL,NULL,2,NULL,'1'),(29,'0','2019-05-28','07:36:23','MARCOS',NULL,NULL,NULL,NULL,NULL,NULL,NULL,NULL,1,'1'),(30,'0','2019-05-28','07:36:23','FULANO',NULL,NULL,NULL,NULL,NULL,NULL,NULL,NULL,2,'1'),(31,'1','2019-05-28','07:36:23',NULL,'CARRO','HJN-4686','BELTRANO','SAAE',NULL,NULL,NULL,NULL,NULL,'1'),(32,'1','2019-05-28','07:36:23',NULL,'CAMINHAO','HTN-4654','TESTE','BRASKEM',NULL,NULL,NULL,NULL,NULL,'1'),(33,'2','2019-05-28','07:39:02',NULL,NULL,NULL,NULL,NULL,NULL,NULL,NULL,1,NULL,'1'),(34,'2','2019-05-28','07:39:02',NULL,NULL,NULL,NULL,NULL,NULL,NULL,NULL,2,NULL,'1'),(35,'0','2019-05-28','07:39:02','MARCOS',NULL,NULL,NULL,NULL,NULL,NULL,NULL,NULL,1,'1'),(36,'0','2019-05-28','07:39:03','FULANO',NULL,NULL,NULL,NULL,NULL,NULL,NULL,NULL,2,'1'),(37,'1','2019-05-28','07:39:03',NULL,'CARRO','HJN-4686','BELTRANO','SAAE',NULL,NULL,NULL,NULL,NULL,'1'),(38,'1','2019-05-28','07:39:03',NULL,'CAMINHAO','HTN-4654','TESTE','BRASKEM',NULL,NULL,NULL,NULL,NULL,'1'),(39,'2','2019-05-28','07:39:03',NULL,NULL,NULL,NULL,NULL,NULL,NULL,NULL,1,NULL,'1'),(40,'2','2019-05-28','07:39:03',NULL,NULL,NULL,NULL,NULL,NULL,NULL,NULL,2,NULL,'1'),(41,'0','2019-05-28','07:39:03','MARCOS',NULL,NULL,NULL,NULL,NULL,NULL,NULL,NULL,1,'1'),(42,'0','2019-05-28','07:39:03','FULANO',NULL,NULL,NULL,NULL,NULL,NULL,NULL,NULL,2,'1'),(43,'1','2019-05-28','07:39:03',NULL,'CARRO','HJN-4686','BELTRANO','SAAE',NULL,NULL,NULL,NULL,NULL,'1'),(44,'1','2019-05-28','07:39:03',NULL,'CAMINHAO','HTN-4654','TESTE','BRASKEM',NULL,NULL,NULL,NULL,NULL,'1'),(45,'2','2019-05-28','07:40:16',NULL,NULL,NULL,NULL,NULL,NULL,NULL,NULL,1,NULL,'1'),(46,'2','2019-05-28','07:40:16',NULL,NULL,NULL,NULL,NULL,NULL,NULL,NULL,2,NULL,'1'),(47,'0','2019-05-28','07:40:16','MARCOS',NULL,NULL,NULL,NULL,NULL,NULL,NULL,NULL,1,'1'),(48,'0','2019-05-28','07:40:16','FULANO',NULL,NULL,NULL,NULL,NULL,NULL,NULL,NULL,2,'1'),(49,'1','2019-05-28','07:40:16',NULL,'CARRO','HJN-4686','BELTRANO','SAAE',NULL,NULL,NULL,NULL,NULL,'1'),(50,'1','2019-05-28','07:40:16',NULL,'CAMINHAO','HTN-4654','TESTE','BRASKEM',NULL,NULL,NULL,NULL,NULL,'1'),(51,'2','2019-05-28','07:40:16',NULL,NULL,NULL,NULL,NULL,NULL,NULL,NULL,1,NULL,'1'),(52,'2','2019-05-28','07:40:16',NULL,NULL,NULL,NULL,NULL,NULL,NULL,NULL,2,NULL,'1'),(53,'0','2019-05-28','07:40:16','MARCOS',NULL,NULL,NULL,NULL,NULL,NULL,NULL,NULL,1,'1'),(54,'0','2019-05-28','07:40:16','FULANO',NULL,NULL,NULL,NULL,NULL,NULL,NULL,NULL,2,'1'),(55,'1','2019-05-28','07:40:16',NULL,'CARRO','HJN-4686','BELTRANO','SAAE',NULL,NULL,NULL,NULL,NULL,'1'),(56,'1','2019-05-28','07:40:16',NULL,'CAMINHAO','HTN-4654','TESTE','BRASKEM',NULL,NULL,NULL,NULL,NULL,'1'),(57,'2','2019-05-28','07:44:21',NULL,NULL,NULL,NULL,NULL,NULL,NULL,NULL,1,NULL,'1'),(58,'2','2019-05-28','07:44:21',NULL,NULL,NULL,NULL,NULL,NULL,NULL,NULL,2,NULL,'1'),(59,'0','2019-05-28','07:44:21','MARCOS',NULL,NULL,NULL,NULL,NULL,NULL,NULL,NULL,1,'1'),(60,'0','2019-05-28','07:44:21','FULANO',NULL,NULL,NULL,NULL,NULL,NULL,NULL,NULL,2,'1'),(61,'1','2019-05-28','07:44:22',NULL,'CARRO','HJN-4686','BELTRANO','SAAE',NULL,NULL,NULL,NULL,NULL,'1'),(62,'1','2019-05-28','07:44:22',NULL,'CAMINHAO','HTN-4654','TESTE','BRASKEM',NULL,NULL,NULL,NULL,NULL,'1'),(63,'2','2019-05-28','07:44:22',NULL,NULL,NULL,NULL,NULL,NULL,NULL,NULL,1,NULL,'1'),(64,'2','2019-05-28','07:44:22',NULL,NULL,NULL,NULL,NULL,NULL,NULL,NULL,2,NULL,'1'),(65,'0','2019-05-28','07:44:22','MARCOS',NULL,NULL,NULL,NULL,NULL,NULL,NULL,NULL,1,'1'),(66,'0','2019-05-28','07:44:22','FULANO',NULL,NULL,NULL,NULL,NULL,NULL,NULL,NULL,2,'1'),(67,'1','2019-05-28','07:44:22',NULL,'CARRO','HJN-4686','BELTRANO','SAAE',NULL,NULL,NULL,NULL,NULL,'1'),(68,'1','2019-05-28','07:44:22',NULL,'CAMINHAO','HTN-4654','TESTE','BRASKEM',NULL,NULL,NULL,NULL,NULL,'1'),(69,'0','0000-00-00','09:08:00','MARCOS TESTE',NULL,NULL,NULL,NULL,NULL,NULL,NULL,NULL,1,'1'),(70,'0','0000-00-00','09:18:00','MARCOS TESTE',NULL,NULL,NULL,NULL,NULL,NULL,NULL,NULL,1,'1'),(72,'0','2019-06-18','09:27:34','TESTE MYSQL',NULL,NULL,NULL,NULL,'2019-06-18','10:55:00',NULL,NULL,1,'2'),(74,'0','2019-06-18','09:37:00','MARCOS TESTE',NULL,NULL,NULL,NULL,'2019-06-18','10:59:00',NULL,NULL,2,'2'),(75,'2','2019-06-18','09:37:00',NULL,NULL,NULL,NULL,NULL,'2019-06-18','10:59:00',NULL,1,NULL,'2'),(76,'1','2019-06-18','09:41:00',NULL,'CAMINHAO','FAD7715','FULANO','CIA INC','2019-06-18','10:59:00',NULL,NULL,NULL,'2'),(77,'0','2019-07-12','11:21:00','MARCOS TESTE',NULL,NULL,NULL,NULL,NULL,NULL,NULL,NULL,1,'1'),(78,'2','2019-07-12','11:22:00',NULL,NULL,NULL,NULL,NULL,NULL,NULL,NULL,1,NULL,'1'),(79,'1','2019-07-12','11:22:00',NULL,'CARRO','FAD7715','FULANO','CIA INC','2019-07-12','11:22:00',NULL,NULL,NULL,'2'),(80,'2','2019-07-19','07:57:00',NULL,NULL,NULL,NULL,NULL,'2019-07-19','07:57:00',NULL,1,NULL,'2'),(81,'1','2019-07-19','07:58:00',NULL,'CAMINHAO','FAD7715','FULANO','CIA INC',NULL,NULL,NULL,NULL,NULL,'1'),(82,'2','2019-07-19','07:58:00',NULL,NULL,NULL,NULL,NULL,NULL,NULL,NULL,1,NULL,'1');
/*!40000 ALTER TABLE `registros` ENABLE KEYS */;
UNLOCK TABLES;

--
-- Table structure for table `registroslog`
--

DROP TABLE IF EXISTS `registroslog`;
/*!40101 SET @saved_cs_client     = @@character_set_client */;
/*!40101 SET character_set_client = utf8 */;
CREATE TABLE `registroslog` (
  `id` int(11) NOT NULL AUTO_INCREMENT,
  `tipo` varchar(100) DEFAULT NULL,
  `usuario_id` varchar(11) DEFAULT NULL,
  `dataHoraLog` datetime DEFAULT NULL,
  `idRegistro` int(11) DEFAULT NULL,
  `tabelaRef` varchar(100) DEFAULT NULL,
  PRIMARY KEY (`id`),
  KEY `registrosLog_ibfk_1` (`usuario_id`),
  CONSTRAINT `registrosLog_ibfk_1` FOREIGN KEY (`usuario_id`) REFERENCES `users` (`cpf`)
) ENGINE=InnoDB DEFAULT CHARSET=utf8;
/*!40101 SET character_set_client = @saved_cs_client */;

--
-- Dumping data for table `registroslog`
--

LOCK TABLES `registroslog` WRITE;
/*!40000 ALTER TABLE `registroslog` DISABLE KEYS */;
/*!40000 ALTER TABLE `registroslog` ENABLE KEYS */;
UNLOCK TABLES;


--
-- Dumping routines for database 'portariabandeirante'
--
/*!40103 SET TIME_ZONE=@OLD_TIME_ZONE */;

/*!40101 SET SQL_MODE=@OLD_SQL_MODE */;
/*!40014 SET FOREIGN_KEY_CHECKS=@OLD_FOREIGN_KEY_CHECKS */;
/*!40014 SET UNIQUE_CHECKS=@OLD_UNIQUE_CHECKS */;
/*!40101 SET CHARACTER_SET_CLIENT=@OLD_CHARACTER_SET_CLIENT */;
/*!40101 SET CHARACTER_SET_RESULTS=@OLD_CHARACTER_SET_RESULTS */;
/*!40101 SET COLLATION_CONNECTION=@OLD_COLLATION_CONNECTION */;
/*!40111 SET SQL_NOTES=@OLD_SQL_NOTES */;

-- Dump completed on 2019-07-23 10:03:01
